class,outer_fold,family,config_id,matched_win,b1_matched_win,delta_vs_b1,aligned_minus_shifted,C_AP_delta,R_pos_delta,R_neg_delta,pixel_auroc,pixel_ap
carpet,FOLD_0,PCRR,pcrr_witness_local_mean_median,0.8323388323388323,0.8438828438828438,-0.011544011544011523,0.3484068484068484,-0.00985637398931137,0.016482163913924486,-0.03569806303431962,0.9619570368509145,0.31740407684860816
bottle,FOLD_0,PCRR,pcrr_witness_local_mean_median,0.6782998300516712,0.5238099325356634,0.15448989751600772,0.23468748390640826,0.017440385051885676,0.026562365350641087,-0.029395246430079743,0.8851521039007586,0.3186340454839074
cable,FOLD_0,PCRR,pcrr_witness_local_mean_median,0.5369485879992278,0.3202644892242637,0.21668409877496414,0.09162181452536028,0.01869645862669829,0.02687406878109263,-0.008442725216472002,0.7311082384872257,0.06369153473147439
grid,FOLD_1,PCRR,pcrr_pooled_peer_pairs_mean_mean,0.8099504079347305,0.8395456726923692,-0.02959526475763874,0.36170212765957455,-0.01003908429002063,-0.02782771368150487,-0.02318418806216705,0.9717587306421407,0.3658131612190495
capsule,FOLD_1,PCRR,pcrr_pooled_peer_pairs_mean_mean,0.7570584199693915,0.7256319594701567,0.03142646049923481,0.3748746635706369,-0.0012362632852055688,0.02568628931100285,-0.010417272355929676,0.926950090493875,0.05940394797105227
hazelnut,FOLD_1,PCRR,pcrr_pooled_peer_pairs_mean_mean,0.4842957631277605,0.5327989530508752,-0.0485031899231147,0.07647636185179124,-0.004009644498818339,-0.0006886705014442288,-0.010513987282186546,0.9048549629882114,0.11786734380196966
leather,FOLD_2,PCRR,pcrr_pooled_peer_pairs_mean_mean,0.8170090778786431,0.8115145723841376,0.005494505494505475,0.26708074534161486,-0.007184823993203356,-0.015882987581679518,-0.05085065224721058,0.989763882224375,0.3815582324044005
metal_nut,FOLD_2,PCRR,pcrr_pooled_peer_pairs_mean_mean,0.6545702093674796,0.7071099697889475,-0.05253976042146791,0.2229026258197943,0.01588806417873452,0.06293000540225126,-0.008701441476230698,0.7366495213664804,0.2643588014594648
pill,FOLD_2,PCRR,pcrr_pooled_peer_pairs_mean_mean,0.6899401865844819,0.537298644681195,0.15264154190328683,0.19069372089506315,0.012685679476197566,0.03094344062754823,-0.002387533744608407,0.8348530241826412,0.1188363689867321
tile,FOLD_3,PCRR,pcrr_pooled_peer_pairs_mean_mean,0.5415545353807187,0.5763250215751659,-0.034770486194447114,0.04133750708533557,-0.0016481847838099722,0.015842041898436385,-0.009046846271863463,0.82290750328784,0.4154208836142947
screw,FOLD_3,PCRR,pcrr_pooled_peer_pairs_mean_mean,0.7581699346405228,0.5535947712418301,0.20457516339869275,0.27385620915032677,0.0011447125651108114,0.01120305494205033,-0.00696905628890318,0.9255629857304777,0.017002807575726538
transistor,FOLD_3,PCRR,pcrr_pooled_peer_pairs_mean_mean,0.500020734921,0.47885226557286814,0.021168469348131824,0.05594281685786778,-0.002415398588415312,0.008247361605439976,-0.004218655790050728,0.6287855635748822,0.10018198493427186
wood,FOLD_4,PCRR,pcrr_witness_local_mean_median,0.6710363277949873,0.6733032948465221,-0.0022669670515347295,0.2302098000563222,-0.0005820956877401473,0.011548365685807131,-0.016185151775875137,0.9116536748896248,0.3368005481640005
toothbrush,FOLD_4,PCRR,pcrr_witness_local_mean_median,0.6629896443043674,0.7442593426384512,-0.08126969833408382,0.24020711391265193,-0.0008356317486756283,-0.0009550195917318871,-0.004547649802422737,0.8609142108029515,0.06225450931543024
zipper,FOLD_4,PCRR,pcrr_witness_local_mean_median,0.6179619021845354,0.5514260370153203,0.06653586516921506,0.11401530527866732,-0.04251353361013522,0.015329307927552695,-0.06070922063370115,0.8771433554058549,0.29279872817384767
carpet,FOLD_0,CSRC,csrc_spearman_average_tie_adjacent_max,0.4609024609024609,0.8438828438828438,-0.38298038298038295,-0.015171015171015156,-0.06519260465317173,-0.05246251975118878,-0.0621078320939235,0.47932442283269394,0.016207359484943024
bottle,FOLD_0,CSRC,csrc_spearman_average_tie_adjacent_max,0.522934441144662,0.5238099325356634,-0.0008754913910014039,0.016900417145898072,-0.01065317912369278,0.009680885942219834,-0.04118914782404899,0.5596127790869778,0.06907773416193441
cable,FOLD_0,CSRC,csrc_spearman_average_tie_adjacent_max,0.517540591374922,0.3202644892242637,0.19727610215065833,0.0390179962203,0.014175439050069285,0.03988056406881178,-0.01540469306694173,0.5298859312474218,0.03193438464374136
grid,FOLD_1,CSRC,csrc_spearman_average_tie_all_three_max,0.49736042233242683,0.8395456726923692,-0.3421852503599424,-0.026075827867541146,-0.03787292155973248,-0.06227360079133093,-0.040336962817021066,0.4999481316421115,0.007228175698769565
capsule,FOLD_1,CSRC,csrc_spearman_average_tie_all_three_max,0.523035516386089,0.7256319594701567,-0.20259644308406766,0.04575439337168191,-0.029918098726589175,-0.03419245060822693,-0.017043720152401725,0.5741586479460731,0.011456906785033034
hazelnut,FOLD_1,CSRC,csrc_spearman_average_tie_all_three_max,0.507933911336496,0.5327989530508752,-0.0248650417143792,-0.027482414526419086,-0.009589854589652466,-0.017486204034976086,-0.02115303434481875,0.5347418496242918,0.024377956410311732
leather,FOLD_2,CSRC,csrc_spearman_average_tie_adjacent_max,0.46488294314381273,0.8115145723841376,-0.34663162924032487,-0.01098901098901095,-0.029979567649956365,-0.046284337464378496,-0.12744524294471749,0.4988133533422168,0.006865105414634158
metal_nut,FOLD_2,CSRC,csrc_spearman_average_tie_adjacent_max,0.45871451157146326,0.7071099697889475,-0.2483954582174842,-0.024801808556659366,-0.021942092908092133,0.024904742019080172,-0.006764068242610971,0.5141323920188228,0.12619101138122413
pill,FOLD_2,CSRC,csrc_spearman_average_tie_adjacent_max,0.5124554788984319,0.537298644681195,-0.024843165782763132,0.012916986071348446,-0.00862022377311062,0.011670654316331606,-0.021768832072172808,0.459154061435146,0.030595454336412822
tile,FOLD_3,CSRC,csrc_spearman_average_tie_adjacent_max,0.5212126009181574,0.5763250215751659,-0.0551124206570085,0.040709401665755984,-0.006386138004293232,0.02188958619285416,-0.014605612320914996,0.55007521323925,0.08423057951826574
screw,FOLD_3,CSRC,csrc_spearman_average_tie_adjacent_max,0.5745098039215686,0.5535947712418301,0.020915032679738488,0.0725490196078431,-0.009355805008235827,-0.03886139577740147,-0.014266800521316455,0.5119853053235318,0.0029136122184918734
transistor,FOLD_3,CSRC,csrc_spearman_average_tie_adjacent_max,0.48816413009466436,0.47885226557286814,0.00931186452179622,-0.00032044877909015446,-0.008153830597488303,0.012163340734361842,-0.012664075069395531,0.49827072322846594,0.048388483430498015
wood,FOLD_4,CSRC,csrc_spearman_average_tie_adjacent_max,0.49701492537313435,0.6733032948465221,-0.17628836947338772,-0.01862855533652491,-0.034251121129263803,0.0013047296827129913,-0.03690144350280153,0.45780255575194984,0.03487479247179538
toothbrush,FOLD_4,CSRC,csrc_spearman_average_tie_adjacent_max,0.4610535794687078,0.7442593426384512,-0.2832057631697434,0.028365601080594327,-0.018863804872871356,-0.03462609596948418,-0.012019722097768014,0.4840654019865427,0.014821902208593552
zipper,FOLD_4,CSRC,csrc_spearman_average_tie_adjacent_max,0.49179859576323426,0.5514260370153203,-0.05962744125208608,-0.014455820666636643,-0.07058380912346836,-0.01736212051007419,-0.06569083961971124,0.4767736189013152,0.019559142147484054
carpet,FOLD_0,ASR,asr_energy_95_mean,0.6549276549276549,0.8438828438828438,-0.18895518895518892,0.12070512070512074,-0.04673812679908251,-0.030877588399001198,-0.062105530227404435,0.7694745347121414,0.11300678665393973
bottle,FOLD_0,ASR,asr_energy_95_mean,0.5291744631177794,0.5238099325356634,0.005364530582115945,0.016436921703603335,-0.010750457646669393,0.01143294070354537,-0.03895182518502231,0.7493581734108068,0.21216354232732074
cable,FOLD_0,ASR,asr_energy_95_mean,0.42867948412929985,0.3202644892242637,0.10841499490503614,-0.06687869497102383,-0.001313911128426569,0.008628223973427895,-0.008524388169274606,0.6334916703561819,0.05093911810662899
grid,FOLD_1,ASR,asr_energy_95_median,0.7544392897136458,0.8395456726923692,-0.08510638297872342,0.24540073588225886,-0.021903810986914674,-0.0495806236482305,-0.03046496433771247,0.8803837064997311,0.16949338865952948
capsule,FOLD_1,ASR,asr_energy_95_median,0.6857353950076521,0.7256319594701567,-0.03989656446250456,0.2349992084014988,-0.010852007203463875,0.009653491584172003,-0.01514521778321119,0.7928441918837672,0.03639339616551437
hazelnut,FOLD_1,ASR,asr_energy_95_median,0.5753312612465238,0.5327989530508752,0.04253230819564857,0.06723376410927528,-0.006628961428511144,-0.015781777614264438,-0.01467434838281863,0.8659965201664812,0.14028210057099086
leather,FOLD_2,ASR,asr_energy_99_median,0.6519350215002389,0.8115145723841376,-0.15957955088389875,0.14667940754897268,-0.022544421152092667,-0.03912498077020467,-0.0660947157020764,0.9366023045158788,0.4325646665818061
metal_nut,FOLD_2,ASR,asr_energy_99_median,0.6941723892078502,0.7071099697889475,-0.012937580581097285,0.25771365982793787,0.007834532871092106,0.046776211252148744,-0.00642626736957767,0.7392890654382465,0.28538833551630727
pill,FOLD_2,ASR,asr_energy_99_median,0.6135229423820028,0.537298644681195,0.07622429770080774,0.1309585269316813,0.008200687649627267,0.024001666742385692,-0.015309155800568016,0.7595048317725319,0.2537474750466868
tile,FOLD_3,ASR,asr_energy_95_median,0.5539915333432059,0.5763250215751659,-0.022333488231959908,0.031678471303752787,-0.0027355246310377668,0.013742919817174949,-0.011313180004983717,0.7227857122043218,0.24862022616430868
screw,FOLD_3,ASR,asr_energy_95_median,0.5189542483660131,0.5535947712418301,-0.03464052287581698,0.01764705882352946,-0.006611246136149898,-0.029654840915487996,-0.011691303437286457,0.9646868771860201,0.16331991970098814
transistor,FOLD_3,ASR,asr_energy_95_median,0.5520314567601498,0.47885226557286814,0.07317919118728161,0.059950311589312855,0.006389775856149995,0.02915087942123367,-0.012028450647920227,0.5769825408625976,0.07115655542809202
wood,FOLD_4,ASR,asr_energy_95_median,0.6352154322725992,0.6733032948465221,-0.038087862573922826,0.1535623767952689,-0.017742235392239743,0.011762502952866849,-0.030781527009929085,0.7899628531762536,0.19333605947661986
toothbrush,FOLD_4,ASR,asr_energy_95_median,0.7145429986492571,0.7442593426384512,-0.029716343989194094,0.22467357046375502,-0.012955150112017814,-0.02261839148549355,-0.00997400345726709,0.8661018200542,0.12931002735177985
zipper,FOLD_4,ASR,asr_energy_95_median,0.5584547381714853,0.5514260370153203,0.00702870115616494,0.05541022055838707,-0.03746872834614044,0.0008720597587001735,-0.04930243988363823,0.7990375429294408,0.1023957650453539
carpet,FOLD_0,PGM,pgm_max_whitened_mean,0.8824148824148824,0.8438828438828438,0.03853203853203857,0.42077142077142077,0.0001994169850331462,0.046035007238227496,-0.028346202671139825,0.9851412617954498,0.6888892252054573
bottle,FOLD_0,PGM,pgm_max_whitened_mean,0.6356496661116166,0.5238099325356634,0.11183973357595312,0.20920810945359036,0.0025367543395316446,0.00833182201523898,-0.02461861783984036,0.8858800038324298,0.4950994766408451
cable,FOLD_0,PGM,pgm_max_whitened_mean,0.6568149069215196,0.3202644892242637,0.33655041769725585,0.21892184280577637,0.03744194722422998,0.05976186719620455,-0.006846903052225399,0.7849274880343177,0.09866314957131761
grid,FOLD_1,PGM,pgm_sum_whitened_mean,0.8061110222364422,0.8395456726923692,-0.033434650455927084,0.35738281874900013,-0.010772631468192448,-0.033664366145305984,-0.01927898569906697,0.9703150552837518,0.4268455078230913
capsule,FOLD_1,PGM,pgm_sum_whitened_mean,0.7716502190089187,0.7256319594701567,0.04601825953876204,0.4060900311362078,0.007596270075180538,0.03968675968699814,-0.01094410994178846,0.9513757354252235,0.18330747183897989
hazelnut,FOLD_1,PGM,pgm_sum_whitened_mean,0.4102731882872567,0.5327989530508752,-0.12252576476361854,0.004253230819564857,-0.004385287526756407,-0.008278799889868082,-0.005488899854090314,0.9396758301167808,0.20992287596847267
leather,FOLD_2,PGM,pgm_max_whitened_mean,0.8437649307214524,0.8115145723841376,0.03225035833731482,0.2921643573817486,-0.0021248751691430763,-0.005805405984431591,-0.021588930089511335,0.9925885768570447,0.4798105312403508
metal_nut,FOLD_2,PGM,pgm_max_whitened_mean,0.6939419299248016,0.7071099697889475,-0.01316803986414583,0.2629363415526938,0.012365706433019763,0.038277958124478234,-0.005633444958421396,0.7688801042120003,0.31350521833819744
pill,FOLD_2,PGM,pgm_max_whitened_mean,0.7197113103153372,0.537298644681195,0.18241266563414216,0.21947403826598466,0.016561166018805036,0.02889390958872181,-0.0023270210135697897,0.852910048144333,0.18345462739597063
tile,FOLD_3,PGM,pgm_sum_whitened_mean,0.5984976535411358,0.5763250215751659,0.02217263196596997,0.11500712363463672,0.01181509566539482,0.022223417034079762,-0.00624192006190491,0.8440175126086945,0.5354020900769325
screw,FOLD_3,PGM,pgm_sum_whitened_mean,0.6241830065359477,0.5535947712418301,0.07058823529411762,0.11503267973856213,0.00024652502899581014,0.0018361565681432046,-0.0013351979777119077,0.9658654933350304,0.057688166580326806
transistor,FOLD_3,PGM,pgm_sum_whitened_mean,0.5105578447746114,0.47885226557286814,0.03170557920174327,0.06237818233912529,-0.00047112103070199446,0.009954271860983728,-0.0038868913526384045,0.6324309996379902,0.08459910237364253
wood,FOLD_4,PGM,pgm_max_whitened_mean,0.6749366375668826,0.6733032948465221,0.001633342720360531,0.22021965643480712,0.0030681203215488645,0.015501514879782428,-0.012794439386213295,0.9272648218121102,0.5782305641347344
toothbrush,FOLD_4,PGM,pgm_max_whitened_mean,0.6641152633948672,0.7442593426384512,-0.08014407924358402,0.21521837010355693,-0.0028545393552159536,-0.004849210378051735,-0.003674151652988145,0.9288562001757693,0.1445237906117898
zipper,FOLD_4,PGM,pgm_max_whitened_mean,0.6072421932554538,0.5514260370153203,0.055816156240133474,0.09208726113692056,-0.03230969677913472,0.002413415263018616,-0.04710848155727225,0.9133578369138272,0.405937462167702
