epoch,method,cohort,stat,value,n,checkpoint_sha256,source
10,P,normal,p10,2.6777757788920553e-09,12879552,,
10,P,normal,p50,2.846017421731517e-09,12879552,,
10,P,normal,p90,4.789328489351874e-09,12879552,,
10,P,normal,p95,6.432360688535245e-09,12879552,,
10,P,normal,p99,1.3887223815345351e-08,12879552,,
10,P,normal,p99.5,1.939285938945539e-08,12879552,,
10,P,normal,p99.9,4.381086756310856e-08,12879552,,
10,P,anomaly,p10,2.8061082346653166e-09,12879552,,
10,P,anomaly,p50,3.7072012126770915e-09,12879552,,
10,P,anomaly,p90,1.6935850055688206e-08,12879552,,
10,P,anomaly,p95,6.3632521829504e-08,12879552,,
10,P,anomaly,p99,1.1920548668058709e-05,12879552,,
10,P,anomaly,p99.5,0.0006910210175556077,12879552,,
10,P,anomaly,p99.9,0.24137196135519212,12879552,,
10,P,all,top_precision_0.001,0.611824993206258,25759,,
10,P,all,top_precision_0.005,0.23461132333302276,128796,,
10,P,all,top_precision_0.01,0.12932128839905122,257591,,
10,P,all,top_precision_0.02,0.0664056585827921,515182,,
10,P,all,top_precision_0.05,0.02802194176038759,1287955,,
10,C_OLD_0,normal,p10,2.5550783711025815e-09,12879552,,
10,C_OLD_0,normal,p50,2.8039039978722258e-09,12879552,,
10,C_OLD_0,normal,p90,4.629129524147402e-09,12879552,,
10,C_OLD_0,normal,p95,6.331700941331064e-09,12879552,,
10,C_OLD_0,normal,p99,3.210351977145369e-08,12879552,,
10,C_OLD_0,normal,p99.5,5.457972960698447e-08,12879552,,
10,C_OLD_0,normal,p99.9,1.0462194482130172e-07,12879552,,
10,C_OLD_0,anomaly,p10,2.9688369540536996e-09,12879552,,
10,C_OLD_0,anomaly,p50,8.197830858591715e-09,12879552,,
10,C_OLD_0,anomaly,p90,1.3593866441397045e-07,12879552,,
10,C_OLD_0,anomaly,p95,9.395101699283206e-07,12879552,,
10,C_OLD_0,anomaly,p99,5.576595871389165e-05,12879552,,
10,C_OLD_0,anomaly,p99.5,0.0013657817064085837,12879552,,
10,C_OLD_0,anomaly,p99.9,0.24268630063532082,12879552,,
10,C_OLD_0,all,top_precision_0.001,0.640824566171047,25759,,
10,C_OLD_0,all,top_precision_0.005,0.22780986987173515,128796,,
10,C_OLD_0,all,top_precision_0.01,0.12111059780815324,257591,,
10,C_OLD_0,all,top_precision_0.02,0.0630903253607463,515182,,
10,C_OLD_0,all,top_precision_0.05,0.026818483565031387,1287955,,
10,C_OLD_05,normal,p10,2.654348740804835e-09,12879552,,
10,C_OLD_05,normal,p50,2.9093603082230857e-09,12879552,,
10,C_OLD_05,normal,p90,4.720728252749495e-09,12879552,,
10,C_OLD_05,normal,p95,6.441870148421458e-09,12879552,,
10,C_OLD_05,normal,p99,3.2047540869939454e-08,12879552,,
10,C_OLD_05,normal,p99.5,5.436401737668419e-08,12879552,,
10,C_OLD_05,normal,p99.9,1.0410515459824302e-07,12879552,,
10,C_OLD_05,anomaly,p10,3.073448162638215e-09,12879552,,
10,C_OLD_05,anomaly,p50,8.365356407580293e-09,12879552,,
10,C_OLD_05,anomaly,p90,1.3752560334978625e-07,12879552,,
10,C_OLD_05,anomaly,p95,9.468059801065452e-07,12879552,,
10,C_OLD_05,anomaly,p99,5.599132604402298e-05,12879552,,
10,C_OLD_05,anomaly,p99.5,0.0013713613798608394,12879552,,
10,C_OLD_05,anomaly,p99.9,0.24309613919253437,12879552,,
10,C_OLD_05,all,top_precision_0.001,0.6408633875538646,25759,,
10,C_OLD_05,all,top_precision_0.005,0.22779434143917512,128796,,
10,C_OLD_05,all,top_precision_0.01,0.12109506931530993,257591,,
10,C_OLD_05,all,top_precision_0.02,0.0630903253607463,515182,,
10,C_OLD_05,all,top_precision_0.05,0.02681304859253623,1287955,,
12,P,normal,p10,2.5925244173663486e-09,12879552,,
12,P,normal,p50,2.8470055202234335e-09,12879552,,
12,P,normal,p90,6.9531105317821584e-09,12879552,,
12,P,normal,p95,1.124006132613431e-08,12879552,,
12,P,normal,p99,3.7213751760134575e-08,12879552,,
12,P,normal,p99.5,6.641778735882988e-08,12879552,,
12,P,normal,p99.9,3.2458905118913226e-07,12879552,,
12,P,anomaly,p10,2.8752733527426244e-09,12879552,,
12,P,anomaly,p50,5.420554671786704e-09,12879552,,
12,P,anomaly,p90,2.1000136598559068e-07,12879552,,
12,P,anomaly,p95,4.930897102894942e-06,12879552,,
12,P,anomaly,p99,0.0018489812244661288,12879552,,
12,P,anomaly,p99.5,0.033326464835551635,12879552,,
12,P,anomaly,p99.9,0.8825421146750091,12879552,,
12,P,all,top_precision_0.001,0.5782833184518033,25759,,
12,P,all,top_precision_0.005,0.22316686853628995,128796,,
12,P,all,top_precision_0.01,0.12449192712478309,257591,,
12,P,all,top_precision_0.02,0.06481398806635325,515182,,
12,P,all,top_precision_0.05,0.027470680264450233,1287955,,
12,C_OLD_0,normal,p10,2.473700355665187e-09,12879552,,
12,C_OLD_0,normal,p50,2.7368367572222496e-09,12879552,,
12,C_OLD_0,normal,p90,5.552879489556517e-09,12879552,,
12,C_OLD_0,normal,p95,8.889636582409821e-09,12879552,,
12,C_OLD_0,normal,p99,4.129184912216035e-08,12879552,,
12,C_OLD_0,normal,p99.5,7.264148855767656e-08,12879552,,
12,C_OLD_0,normal,p99.9,1.7543405461139642e-07,12879552,,
12,C_OLD_0,anomaly,p10,3.5343403759213743e-09,12879552,,
12,C_OLD_0,anomaly,p50,8.641476867410347e-09,12879552,,
12,C_OLD_0,anomaly,p90,1.8438826430156054e-07,12879552,,
12,C_OLD_0,anomaly,p95,9.357945714327791e-07,12879552,,
12,C_OLD_0,anomaly,p99,0.00020752616823301775,12879552,,
12,C_OLD_0,anomaly,p99.5,0.0027242776262568482,12879552,,
12,C_OLD_0,anomaly,p99.9,0.3194576301275323,12879552,,
12,C_OLD_0,all,top_precision_0.001,0.5792926744050623,25759,,
12,C_OLD_0,all,top_precision_0.005,0.22951023323705705,128796,,
12,C_OLD_0,all,top_precision_0.01,0.1257419707986692,257591,,
12,C_OLD_0,all,top_precision_0.02,0.06787310115648451,515182,,
12,C_OLD_0,all,top_precision_0.05,0.027707489780310648,1287955,,
12,C_OLD_05,normal,p10,2.5757664889880516e-09,12879552,,
12,C_OLD_05,normal,p50,2.8288398290499117e-09,12879552,,
12,C_OLD_05,normal,p90,5.6814391413695415e-09,12879552,,
12,C_OLD_05,normal,p95,9.056880578839355e-09,12879552,,
12,C_OLD_05,normal,p99,4.154761054309134e-08,12879552,,
12,C_OLD_05,normal,p99.5,7.285117629152046e-08,12879552,,
12,C_OLD_05,normal,p99.9,1.7557023345204529e-07,12879552,,
12,C_OLD_05,anomaly,p10,3.619259336673508e-09,12879552,,
12,C_OLD_05,anomaly,p50,8.81058692669967e-09,12879552,,
12,C_OLD_05,anomaly,p90,1.8721571564128687e-07,12879552,,
12,C_OLD_05,anomaly,p95,9.452714579083416e-07,12879552,,
12,C_OLD_05,anomaly,p99,0.00020818990873522187,12879552,,
12,C_OLD_05,anomaly,p99.5,0.002731711290543781,12879552,,
12,C_OLD_05,anomaly,p99.9,0.31989783504603947,12879552,,
12,C_OLD_05,all,top_precision_0.001,0.57933149578788,25759,,
12,C_OLD_05,all,top_precision_0.005,0.22951023323705705,128796,,
12,C_OLD_05,all,top_precision_0.01,0.1257574992915125,257591,,
12,C_OLD_05,all,top_precision_0.02,0.06787310115648451,515182,,
12,C_OLD_05,all,top_precision_0.05,0.027708266204952814,1287955,,
14,P,normal,p10,2.5182691487657394e-09,12879552,,
14,P,normal,p50,2.7118325363062468e-09,12879552,,
14,P,normal,p90,5.026071114855313e-09,12879552,,
14,P,normal,p95,7.040957816784034e-09,12879552,,
14,P,normal,p99,1.7724328671420153e-08,12879552,,
14,P,normal,p99.5,2.6897153571070432e-08,12879552,,
14,P,normal,p99.9,1.185845211750755e-07,12879552,,
14,P,anomaly,p10,2.7872890662195005e-09,12879552,,
14,P,anomaly,p50,4.456250479734081e-09,12879552,,
14,P,anomaly,p90,8.059263478799039e-08,12879552,,
14,P,anomaly,p95,1.0019706223829345e-06,12879552,,
14,P,anomaly,p99,0.00041842681122944035,12879552,,
14,P,anomaly,p99.5,0.004492158256471111,12879552,,
14,P,anomaly,p99.9,0.38200528433912145,12879552,,
14,P,all,top_precision_0.001,0.634846073217128,25759,,
14,P,all,top_precision_0.005,0.22177707382216838,128796,,
14,P,all,top_precision_0.01,0.1254003439561165,257591,,
14,P,all,top_precision_0.02,0.06565446774149718,515182,,
14,P,all,top_precision_0.05,0.027151569736520297,1287955,,
14,C_OLD_0,normal,p10,2.3847723795711318e-09,12879552,,
14,C_OLD_0,normal,p50,2.611129312768412e-09,12879552,,
14,C_OLD_0,normal,p90,4.7383004186940525e-09,12879552,,
14,C_OLD_0,normal,p95,7.48753770096755e-09,12879552,,
14,C_OLD_0,normal,p99,2.8188822653874037e-08,12879552,,
14,C_OLD_0,normal,p99.5,4.421318918090812e-08,12879552,,
14,C_OLD_0,normal,p99.9,8.831570871590975e-08,12879552,,
14,C_OLD_0,anomaly,p10,3.065690590275949e-09,12879552,,
14,C_OLD_0,anomaly,p50,8.30947577412644e-09,12879552,,
14,C_OLD_0,anomaly,p90,3.663401059839091e-07,12879552,,
14,C_OLD_0,anomaly,p95,2.629463324410608e-06,12879552,,
14,C_OLD_0,anomaly,p99,0.000223267468682028,12879552,,
14,C_OLD_0,anomaly,p99.5,0.003959849283564785,12879552,,
14,C_OLD_0,anomaly,p99.9,0.497574015498109,12879552,,
14,C_OLD_0,all,top_precision_0.001,0.6344578593889514,25759,,
14,C_OLD_0,all,top_precision_0.005,0.243734277462033,128796,,
14,C_OLD_0,all,top_precision_0.01,0.13171655842013114,257591,,
14,C_OLD_0,all,top_precision_0.02,0.06776634276818677,515182,,
14,C_OLD_0,all,top_precision_0.05,0.027527359263328298,1287955,,
14,C_OLD_05,normal,p10,2.4804851506132763e-09,12879552,,
14,C_OLD_05,normal,p50,2.70157451964792e-09,12879552,,
14,C_OLD_05,normal,p90,4.8695953935862235e-09,12879552,,
14,C_OLD_05,normal,p95,7.696170678528325e-09,12879552,,
14,C_OLD_05,normal,p99,2.8710058135317264e-08,12879552,,
14,C_OLD_05,normal,p99.5,4.4891225030596336e-08,12879552,,
14,C_OLD_05,normal,p99.9,8.958733736363523e-08,12879552,,
14,C_OLD_05,anomaly,p10,3.1469147288021304e-09,12879552,,
14,C_OLD_05,anomaly,p50,8.480383506537237e-09,12879552,,
14,C_OLD_05,anomaly,p90,3.704749360622378e-07,12879552,,
14,C_OLD_05,anomaly,p95,2.652775003753044e-06,12879552,,
14,C_OLD_05,anomaly,p99,0.00022390682584955376,12879552,,
14,C_OLD_05,anomaly,p99.5,0.003967650705017036,12879552,,
14,C_OLD_05,anomaly,p99.9,0.49837239584319476,12879552,,
14,C_OLD_05,all,top_precision_0.001,0.6344190380061338,25759,,
14,C_OLD_05,all,top_precision_0.005,0.24378086275971303,128796,,
14,C_OLD_05,all,top_precision_0.01,0.13171267629692032,257591,,
14,C_OLD_05,all,top_precision_0.02,0.06776634276818677,515182,,
14,C_OLD_05,all,top_precision_0.05,0.02752891211261263,1287955,,
16,P,normal,p10,2.5099253786464715e-09,12879552,,
16,P,normal,p50,2.711330937543721e-09,12879552,,
16,P,normal,p90,4.950952536830755e-09,12879552,,
16,P,normal,p95,6.915007677577023e-09,12879552,,
16,P,normal,p99,1.8263620180647476e-08,12879552,,
16,P,normal,p99.5,2.754272250271579e-08,12879552,,
16,P,normal,p99.9,6.89994117237783e-08,12879552,,
16,P,anomaly,p10,2.7997842710902892e-09,12879552,,
16,P,anomaly,p50,4.8771244820500215e-09,12879552,,
16,P,anomaly,p90,6.359249482557061e-08,12879552,,
16,P,anomaly,p95,5.526822690171653e-07,12879552,,
16,P,anomaly,p99,0.0007892788853496339,12879552,,
16,P,anomaly,p99.5,0.007355138580314764,12879552,,
16,P,anomaly,p99.9,0.49197043016542347,12879552,,
16,P,all,top_precision_0.001,0.6196669125354245,25759,,
16,P,all,top_precision_0.005,0.2092922140439144,128796,,
16,P,all,top_precision_0.01,0.1212814112294296,257591,,
16,P,all,top_precision_0.02,0.06541377610242594,515182,,
16,P,all,top_precision_0.05,0.027462139593386416,1287955,,
16,C_OLD_0,normal,p10,2.3737312115912346e-09,12879552,,
16,C_OLD_0,normal,p50,2.568162571492394e-09,12879552,,
16,C_OLD_0,normal,p90,5.309642059359021e-09,12879552,,
16,C_OLD_0,normal,p95,8.962230069187171e-09,12879552,,
16,C_OLD_0,normal,p99,9.944725476884775e-08,12879552,,
16,C_OLD_0,normal,p99.5,4.197734737941789e-07,12879552,,
16,C_OLD_0,normal,p99.9,3.781399764920662e-05,12879552,,
16,C_OLD_0,anomaly,p10,2.924710917895368e-09,12879552,,
16,C_OLD_0,anomaly,p50,8.379202220964999e-09,12879552,,
16,C_OLD_0,anomaly,p90,9.21011803711736e-07,12879552,,
16,C_OLD_0,anomaly,p95,7.570786056021445e-06,12879552,,
16,C_OLD_0,anomaly,p99,0.002697833038400894,12879552,,
16,C_OLD_0,anomaly,p99.5,0.01923509546555548,12879552,,
16,C_OLD_0,anomaly,p99.9,0.6483744705319129,12879552,,
16,C_OLD_0,all,top_precision_0.001,0.6147754183003998,25759,,
16,C_OLD_0,all,top_precision_0.005,0.22047268548712692,128796,,
16,C_OLD_0,all,top_precision_0.01,0.13176702602187187,257591,,
16,C_OLD_0,all,top_precision_0.02,0.06807303050184206,515182,,
16,C_OLD_0,all,top_precision_0.05,0.02803669382858873,1287955,,
16,C_OLD_05,normal,p10,2.478442118203361e-09,12879552,,
16,C_OLD_05,normal,p50,2.6835127453495033e-09,12879552,,
16,C_OLD_05,normal,p90,5.442237327457633e-09,12879552,,
16,C_OLD_05,normal,p95,9.167941072973917e-09,12879552,,
16,C_OLD_05,normal,p99,1.0051919439035837e-07,12879552,,
16,C_OLD_05,normal,p99.5,4.2559669665817936e-07,12879552,,
16,C_OLD_05,normal,p99.9,3.799683122632248e-05,12879552,,
16,C_OLD_05,anomaly,p10,3.025585115778995e-09,12879552,,
16,C_OLD_05,anomaly,p50,8.589188915664181e-09,12879552,,
16,C_OLD_05,anomaly,p90,9.346373985863465e-07,12879552,,
16,C_OLD_05,anomaly,p95,7.626146270922618e-06,12879552,,
16,C_OLD_05,anomaly,p99,0.0027048242418095904,12879552,,
16,C_OLD_05,anomaly,p99.5,0.01925058804452412,12879552,,
16,C_OLD_05,anomaly,p99.9,0.6488592856526342,12879552,,
16,C_OLD_05,all,top_precision_0.001,0.6149695252144881,25759,,
16,C_OLD_05,all,top_precision_0.005,0.22051150656852697,128796,,
16,C_OLD_05,all,top_precision_0.01,0.13177479026829353,257591,,
16,C_OLD_05,all,top_precision_0.02,0.06808273580986914,515182,,
16,C_OLD_05,all,top_precision_0.05,0.02803669382858873,1287955,,
18,P,normal,p10,2.432819057318625e-09,12879552,,
18,P,normal,p50,2.5845510176480957e-09,12879552,,
18,P,normal,p90,5.551268600356711e-09,12879552,,
18,P,normal,p95,8.433540088503833e-09,12879552,,
18,P,normal,p99,2.3435975382568596e-08,12879552,,
18,P,normal,p99.5,3.392434649640542e-08,12879552,,
18,P,normal,p99.9,6.912782855294847e-08,12879552,,
18,P,anomaly,p10,2.6783326667612073e-09,12879552,,
18,P,anomaly,p50,3.911054147209825e-09,12879552,,
18,P,anomaly,p90,3.7978178824005226e-08,12879552,,
18,P,anomaly,p95,3.1458403810802183e-07,12879552,,
18,P,anomaly,p99,8.856392749294254e-05,12879552,,
18,P,anomaly,p99.5,0.0029837871948256867,12879552,,
18,P,anomaly,p99.9,0.52584600573778,12879552,,
18,P,all,top_precision_0.001,0.6029737179238325,25759,,
18,P,all,top_precision_0.005,0.24110220814311004,128796,,
18,P,all,top_precision_0.01,0.12815665143580326,257591,,
18,P,all,top_precision_0.02,0.06671234631644739,515182,,
18,P,all,top_precision_0.05,0.027790567217022333,1287955,,
18,C_OLD_0,normal,p10,2.3904236368110787e-09,12879552,,
18,C_OLD_0,normal,p50,2.648538055538552e-09,12879552,,
18,C_OLD_0,normal,p90,5.591426877060712e-09,12879552,,
18,C_OLD_0,normal,p95,9.608881201827998e-09,12879552,,
18,C_OLD_0,normal,p99,1.7872572072974546e-07,12879552,,
18,C_OLD_0,normal,p99.5,4.380917681601194e-07,12879552,,
18,C_OLD_0,normal,p99.9,2.1182800066979787e-06,12879552,,
18,C_OLD_0,anomaly,p10,2.9564277692628593e-09,12879552,,
18,C_OLD_0,anomaly,p50,1.0367735114868992e-08,12879552,,
18,C_OLD_0,anomaly,p90,8.620603182407652e-07,12879552,,
18,C_OLD_0,anomaly,p95,1.0590180818326182e-05,12879552,,
18,C_OLD_0,anomaly,p99,0.010105813322588865,12879552,,
18,C_OLD_0,anomaly,p99.5,0.1758644305914626,12879552,,
18,C_OLD_0,anomaly,p99.9,0.8364137760400385,12879552,,
18,C_OLD_0,all,top_precision_0.001,0.46166388446756473,25759,,
18,C_OLD_0,all,top_precision_0.005,0.20592254417839062,128796,,
18,C_OLD_0,all,top_precision_0.01,0.12277991078880862,257591,,
18,C_OLD_0,all,top_precision_0.02,0.06819337632137769,515182,,
18,C_OLD_0,all,top_precision_0.05,0.028091043553540303,1287955,,
18,C_OLD_05,normal,p10,2.5005120196652797e-09,12879552,,
18,C_OLD_05,normal,p50,2.782672980927714e-09,12879552,,
18,C_OLD_05,normal,p90,5.791265245136401e-09,12879552,,
18,C_OLD_05,normal,p95,9.97447102690785e-09,12879552,,
18,C_OLD_05,normal,p99,1.8427087411510001e-07,12879552,,
18,C_OLD_05,normal,p99.5,4.5245294145956623e-07,12879552,,
18,C_OLD_05,normal,p99.9,2.1487411031557117e-06,12879552,,
18,C_OLD_05,anomaly,p10,3.0482858459635054e-09,12879552,,
18,C_OLD_05,anomaly,p50,1.058978815748901e-08,12879552,,
18,C_OLD_05,anomaly,p90,8.733148888495634e-07,12879552,,
18,C_OLD_05,anomaly,p95,1.0699381118683952e-05,12879552,,
18,C_OLD_05,anomaly,p99,0.01016161671839664,12879552,,
18,C_OLD_05,anomaly,p99.5,0.17666862957179372,12879552,,
18,C_OLD_05,anomaly,p99.9,0.8366285723447675,12879552,,
18,C_OLD_05,all,top_precision_0.001,0.4617803486160177,25759,,
18,C_OLD_05,all,top_precision_0.005,0.20586043044815056,128796,,
18,C_OLD_05,all,top_precision_0.01,0.12276050017275449,257591,,
18,C_OLD_05,all,top_precision_0.02,0.06819725844458852,515182,,
18,C_OLD_05,all,top_precision_0.05,0.028091819978182466,1287955,,
20,P,normal,p10,2.5271273962346186e-09,12879552,,
20,P,normal,p50,2.74675726608109e-09,12879552,,
20,P,normal,p90,5.694131655076266e-09,12879552,,
20,P,normal,p95,8.410601104458237e-09,12879552,,
20,P,normal,p99,2.386060947046078e-08,12879552,,
20,P,normal,p99.5,3.648731169647573e-08,12879552,,
20,P,normal,p99.9,9.518465728319693e-08,12879552,,
20,P,anomaly,p10,3.1175397818827832e-09,12879552,,
20,P,anomaly,p50,7.0561703147120625e-09,12879552,,
20,P,anomaly,p90,1.52493726091052e-07,12879552,,
20,P,anomaly,p95,1.629281285886459e-06,12879552,,
20,P,anomaly,p99,0.0016091500630136728,12879552,,
20,P,anomaly,p99.5,0.009789843899197051,12879552,,
20,P,anomaly,p99.9,0.5047151910066539,12879552,,
20,P,all,top_precision_0.001,0.626383011762879,25759,,
20,P,all,top_precision_0.005,0.21693220286344297,128796,,
20,P,all,top_precision_0.01,0.12432111370350672,257591,,
20,P,all,top_precision_0.02,0.06717043685532491,515182,,
20,P,all,top_precision_0.05,0.0275654040707944,1287955,,
20,C_OLD_0,normal,p10,2.2966653023814843e-09,12879552,,
20,C_OLD_0,normal,p50,2.4686195310152925e-09,12879552,,
20,C_OLD_0,normal,p90,4.233861705671416e-09,12879552,,
20,C_OLD_0,normal,p95,6.337524283139828e-09,12879552,,
20,C_OLD_0,normal,p99,2.842014467319151e-08,12879552,,
20,C_OLD_0,normal,p99.5,4.906168840079749e-08,12879552,,
20,C_OLD_0,normal,p99.9,1.0275439720430626e-07,12879552,,
20,C_OLD_0,anomaly,p10,2.7616660069895715e-09,12879552,,
20,C_OLD_0,anomaly,p50,6.403575447677667e-09,12879552,,
20,C_OLD_0,anomaly,p90,1.8452514893851912e-07,12879552,,
20,C_OLD_0,anomaly,p95,1.3658308603225868e-06,12879552,,
20,C_OLD_0,anomaly,p99,0.0002308814122807235,12879552,,
20,C_OLD_0,anomaly,p99.5,0.0026101605943401425,12879552,,
20,C_OLD_0,anomaly,p99.9,0.34801528236269347,12879552,,
20,C_OLD_0,all,top_precision_0.001,0.6616328273613106,25759,,
20,C_OLD_0,all,top_precision_0.005,0.24602472126463554,128796,,
20,C_OLD_0,all,top_precision_0.01,0.13422052789111422,257591,,
20,C_OLD_0,all,top_precision_0.02,0.06940459876315555,515182,,
20,C_OLD_0,all,top_precision_0.05,0.028402389835048586,1287955,,
20,C_OLD_05,normal,p10,2.4105877294289257e-09,12879552,,
20,C_OLD_05,normal,p50,2.579763735965912e-09,12879552,,
20,C_OLD_05,normal,p90,4.37497948979626e-09,12879552,,
20,C_OLD_05,normal,p95,6.545787023526373e-09,12879552,,
20,C_OLD_05,normal,p99,2.9264027858744232e-08,12879552,,
20,C_OLD_05,normal,p99.5,5.035630934457913e-08,12879552,,
20,C_OLD_05,normal,p99.9,1.0524287724677842e-07,12879552,,
20,C_OLD_05,anomaly,p10,2.8513202909863367e-09,12879552,,
20,C_OLD_05,anomaly,p50,6.546236441806741e-09,12879552,,
20,C_OLD_05,anomaly,p90,1.8728286050873073e-07,12879552,,
20,C_OLD_05,anomaly,p95,1.3802796786421754e-06,12879552,,
20,C_OLD_05,anomaly,p99,0.00023242914874572356,12879552,,
20,C_OLD_05,anomaly,p99.5,0.002618851155275472,12879552,,
20,C_OLD_05,anomaly,p99.9,0.3484667522608365,12879552,,
20,C_OLD_05,all,top_precision_0.001,0.6617492915097636,25759,,
20,C_OLD_05,all,top_precision_0.005,0.24602472126463554,128796,,
20,C_OLD_05,all,top_precision_0.01,0.13422441001432503,257591,,
20,C_OLD_05,all,top_precision_0.02,0.06940459876315555,515182,,
20,C_OLD_05,all,top_precision_0.05,0.02840316625969075,1287955,,
10,A0,normal,p10,3.2427982521454624e-09,12879552,58af2ea6e3d92232498e3cb9bcf40b251e7116cfbac9a34d1abd4b07487aeaf0,new_CIR_checkpoint
10,A0,normal,p50,3.542074189510913e-09,12879552,58af2ea6e3d92232498e3cb9bcf40b251e7116cfbac9a34d1abd4b07487aeaf0,new_CIR_checkpoint
10,A0,normal,p90,8.063596013130336e-09,12879552,58af2ea6e3d92232498e3cb9bcf40b251e7116cfbac9a34d1abd4b07487aeaf0,new_CIR_checkpoint
10,A0,normal,p95,2.7217134945800272e-08,12879552,58af2ea6e3d92232498e3cb9bcf40b251e7116cfbac9a34d1abd4b07487aeaf0,new_CIR_checkpoint
10,A0,normal,p99,1.4075811313887249e-05,12879552,58af2ea6e3d92232498e3cb9bcf40b251e7116cfbac9a34d1abd4b07487aeaf0,new_CIR_checkpoint
10,A0,normal,p99.5,3.066056102397842e-05,12879552,58af2ea6e3d92232498e3cb9bcf40b251e7116cfbac9a34d1abd4b07487aeaf0,new_CIR_checkpoint
10,A0,normal,p99.9,9.867622273304425e-05,12879552,58af2ea6e3d92232498e3cb9bcf40b251e7116cfbac9a34d1abd4b07487aeaf0,new_CIR_checkpoint
10,A0,anomaly,p10,4.072736814464406e-09,12879552,58af2ea6e3d92232498e3cb9bcf40b251e7116cfbac9a34d1abd4b07487aeaf0,new_CIR_checkpoint
10,A0,anomaly,p50,8.395119266424445e-09,12879552,58af2ea6e3d92232498e3cb9bcf40b251e7116cfbac9a34d1abd4b07487aeaf0,new_CIR_checkpoint
10,A0,anomaly,p90,2.9792064992761954e-07,12879552,58af2ea6e3d92232498e3cb9bcf40b251e7116cfbac9a34d1abd4b07487aeaf0,new_CIR_checkpoint
10,A0,anomaly,p95,1.5888286782228522e-06,12879552,58af2ea6e3d92232498e3cb9bcf40b251e7116cfbac9a34d1abd4b07487aeaf0,new_CIR_checkpoint
10,A0,anomaly,p99,0.00011226336333493258,12879552,58af2ea6e3d92232498e3cb9bcf40b251e7116cfbac9a34d1abd4b07487aeaf0,new_CIR_checkpoint
10,A0,anomaly,p99.5,0.0015583773306570249,12879552,58af2ea6e3d92232498e3cb9bcf40b251e7116cfbac9a34d1abd4b07487aeaf0,new_CIR_checkpoint
10,A0,anomaly,p99.9,0.37021583163737026,12879552,58af2ea6e3d92232498e3cb9bcf40b251e7116cfbac9a34d1abd4b07487aeaf0,new_CIR_checkpoint
10,A0,all,top_precision_0.001,0.6658255367056175,25759,58af2ea6e3d92232498e3cb9bcf40b251e7116cfbac9a34d1abd4b07487aeaf0,new_CIR_checkpoint
10,A0,all,top_precision_0.005,0.23708810832634553,128796,58af2ea6e3d92232498e3cb9bcf40b251e7116cfbac9a34d1abd4b07487aeaf0,new_CIR_checkpoint
10,A0,all,top_precision_0.01,0.12667368036926757,257591,58af2ea6e3d92232498e3cb9bcf40b251e7116cfbac9a34d1abd4b07487aeaf0,new_CIR_checkpoint
10,A0,all,top_precision_0.02,0.06538271911673933,515182,58af2ea6e3d92232498e3cb9bcf40b251e7116cfbac9a34d1abd4b07487aeaf0,new_CIR_checkpoint
10,A0,all,top_precision_0.05,0.027107313531916876,1287955,58af2ea6e3d92232498e3cb9bcf40b251e7116cfbac9a34d1abd4b07487aeaf0,new_CIR_checkpoint
10,A05,normal,p10,3.306952267578822e-09,12879552,58af2ea6e3d92232498e3cb9bcf40b251e7116cfbac9a34d1abd4b07487aeaf0,new_CIR_checkpoint
10,A05,normal,p50,3.6049565554918672e-09,12879552,58af2ea6e3d92232498e3cb9bcf40b251e7116cfbac9a34d1abd4b07487aeaf0,new_CIR_checkpoint
10,A05,normal,p90,8.166040466051078e-09,12879552,58af2ea6e3d92232498e3cb9bcf40b251e7116cfbac9a34d1abd4b07487aeaf0,new_CIR_checkpoint
10,A05,normal,p95,2.7634786903263216e-08,12879552,58af2ea6e3d92232498e3cb9bcf40b251e7116cfbac9a34d1abd4b07487aeaf0,new_CIR_checkpoint
10,A05,normal,p99,1.426684922989812e-05,12879552,58af2ea6e3d92232498e3cb9bcf40b251e7116cfbac9a34d1abd4b07487aeaf0,new_CIR_checkpoint
10,A05,normal,p99.5,3.106655625742858e-05,12879552,58af2ea6e3d92232498e3cb9bcf40b251e7116cfbac9a34d1abd4b07487aeaf0,new_CIR_checkpoint
10,A05,normal,p99.9,9.936924486100226e-05,12879552,58af2ea6e3d92232498e3cb9bcf40b251e7116cfbac9a34d1abd4b07487aeaf0,new_CIR_checkpoint
10,A05,anomaly,p10,4.145767640295617e-09,12879552,58af2ea6e3d92232498e3cb9bcf40b251e7116cfbac9a34d1abd4b07487aeaf0,new_CIR_checkpoint
10,A05,anomaly,p50,8.517333949242811e-09,12879552,58af2ea6e3d92232498e3cb9bcf40b251e7116cfbac9a34d1abd4b07487aeaf0,new_CIR_checkpoint
10,A05,anomaly,p90,3.0176590826158666e-07,12879552,58af2ea6e3d92232498e3cb9bcf40b251e7116cfbac9a34d1abd4b07487aeaf0,new_CIR_checkpoint
10,A05,anomaly,p95,1.614135857153085e-06,12879552,58af2ea6e3d92232498e3cb9bcf40b251e7116cfbac9a34d1abd4b07487aeaf0,new_CIR_checkpoint
10,A05,anomaly,p99,0.00011302181163046173,12879552,58af2ea6e3d92232498e3cb9bcf40b251e7116cfbac9a34d1abd4b07487aeaf0,new_CIR_checkpoint
10,A05,anomaly,p99.5,0.0015675176947843087,12879552,58af2ea6e3d92232498e3cb9bcf40b251e7116cfbac9a34d1abd4b07487aeaf0,new_CIR_checkpoint
10,A05,anomaly,p99.9,0.37106700444213825,12879552,58af2ea6e3d92232498e3cb9bcf40b251e7116cfbac9a34d1abd4b07487aeaf0,new_CIR_checkpoint
10,A05,all,top_precision_0.001,0.665980822236888,25759,58af2ea6e3d92232498e3cb9bcf40b251e7116cfbac9a34d1abd4b07487aeaf0,new_CIR_checkpoint
10,A05,all,top_precision_0.005,0.23708810832634553,128796,58af2ea6e3d92232498e3cb9bcf40b251e7116cfbac9a34d1abd4b07487aeaf0,new_CIR_checkpoint
10,A05,all,top_precision_0.01,0.12666203399963508,257591,58af2ea6e3d92232498e3cb9bcf40b251e7116cfbac9a34d1abd4b07487aeaf0,new_CIR_checkpoint
10,A05,all,top_precision_0.02,0.06537301380871226,515182,58af2ea6e3d92232498e3cb9bcf40b251e7116cfbac9a34d1abd4b07487aeaf0,new_CIR_checkpoint
10,A05,all,top_precision_0.05,0.02710653710727471,1287955,58af2ea6e3d92232498e3cb9bcf40b251e7116cfbac9a34d1abd4b07487aeaf0,new_CIR_checkpoint
12,A0,normal,p10,3.0539715201172157e-09,12879552,bbbbfc6e24ac9dd1bfa87b596e3f6fe17a1b06cee6f5d4522ef67c4147a7e2f9,new_CIR_checkpoint
12,A0,normal,p50,3.2916291914375506e-09,12879552,bbbbfc6e24ac9dd1bfa87b596e3f6fe17a1b06cee6f5d4522ef67c4147a7e2f9,new_CIR_checkpoint
12,A0,normal,p90,7.159977455373228e-09,12879552,bbbbfc6e24ac9dd1bfa87b596e3f6fe17a1b06cee6f5d4522ef67c4147a7e2f9,new_CIR_checkpoint
12,A0,normal,p95,1.573667294252341e-08,12879552,bbbbfc6e24ac9dd1bfa87b596e3f6fe17a1b06cee6f5d4522ef67c4147a7e2f9,new_CIR_checkpoint
12,A0,normal,p99,6.109952131794221e-08,12879552,bbbbfc6e24ac9dd1bfa87b596e3f6fe17a1b06cee6f5d4522ef67c4147a7e2f9,new_CIR_checkpoint
12,A0,normal,p99.5,1.188147501807174e-07,12879552,bbbbfc6e24ac9dd1bfa87b596e3f6fe17a1b06cee6f5d4522ef67c4147a7e2f9,new_CIR_checkpoint
12,A0,normal,p99.9,5.232003958894662e-07,12879552,bbbbfc6e24ac9dd1bfa87b596e3f6fe17a1b06cee6f5d4522ef67c4147a7e2f9,new_CIR_checkpoint
12,A0,anomaly,p10,3.410735471831572e-09,12879552,bbbbfc6e24ac9dd1bfa87b596e3f6fe17a1b06cee6f5d4522ef67c4147a7e2f9,new_CIR_checkpoint
12,A0,anomaly,p50,6.416755571336807e-09,12879552,bbbbfc6e24ac9dd1bfa87b596e3f6fe17a1b06cee6f5d4522ef67c4147a7e2f9,new_CIR_checkpoint
12,A0,anomaly,p90,1.5515745133143355e-07,12879552,bbbbfc6e24ac9dd1bfa87b596e3f6fe17a1b06cee6f5d4522ef67c4147a7e2f9,new_CIR_checkpoint
12,A0,anomaly,p95,6.084036954234753e-07,12879552,bbbbfc6e24ac9dd1bfa87b596e3f6fe17a1b06cee6f5d4522ef67c4147a7e2f9,new_CIR_checkpoint
12,A0,anomaly,p99,0.0001994715249747973,12879552,bbbbfc6e24ac9dd1bfa87b596e3f6fe17a1b06cee6f5d4522ef67c4147a7e2f9,new_CIR_checkpoint
12,A0,anomaly,p99.5,0.0035966096492482235,12879552,bbbbfc6e24ac9dd1bfa87b596e3f6fe17a1b06cee6f5d4522ef67c4147a7e2f9,new_CIR_checkpoint
12,A0,anomaly,p99.9,0.4779304272234432,12879552,bbbbfc6e24ac9dd1bfa87b596e3f6fe17a1b06cee6f5d4522ef67c4147a7e2f9,new_CIR_checkpoint
12,A0,all,top_precision_0.001,0.6730463139097015,25759,bbbbfc6e24ac9dd1bfa87b596e3f6fe17a1b06cee6f5d4522ef67c4147a7e2f9,new_CIR_checkpoint
12,A0,all,top_precision_0.005,0.24349358675735272,128796,bbbbfc6e24ac9dd1bfa87b596e3f6fe17a1b06cee6f5d4522ef67c4147a7e2f9,new_CIR_checkpoint
12,A0,all,top_precision_0.01,0.13090519466906841,257591,bbbbfc6e24ac9dd1bfa87b596e3f6fe17a1b06cee6f5d4522ef67c4147a7e2f9,new_CIR_checkpoint
12,A0,all,top_precision_0.02,0.06749847626663975,515182,bbbbfc6e24ac9dd1bfa87b596e3f6fe17a1b06cee6f5d4522ef67c4147a7e2f9,new_CIR_checkpoint
12,A0,all,top_precision_0.05,0.027526582838686135,1287955,bbbbfc6e24ac9dd1bfa87b596e3f6fe17a1b06cee6f5d4522ef67c4147a7e2f9,new_CIR_checkpoint
12,A05,normal,p10,3.163259432170662e-09,12879552,bbbbfc6e24ac9dd1bfa87b596e3f6fe17a1b06cee6f5d4522ef67c4147a7e2f9,new_CIR_checkpoint
12,A05,normal,p50,3.3854388181708828e-09,12879552,bbbbfc6e24ac9dd1bfa87b596e3f6fe17a1b06cee6f5d4522ef67c4147a7e2f9,new_CIR_checkpoint
12,A05,normal,p90,7.3136572353860174e-09,12879552,bbbbfc6e24ac9dd1bfa87b596e3f6fe17a1b06cee6f5d4522ef67c4147a7e2f9,new_CIR_checkpoint
12,A05,normal,p95,1.608566311261934e-08,12879552,bbbbfc6e24ac9dd1bfa87b596e3f6fe17a1b06cee6f5d4522ef67c4147a7e2f9,new_CIR_checkpoint
12,A05,normal,p99,6.236012239924094e-08,12879552,bbbbfc6e24ac9dd1bfa87b596e3f6fe17a1b06cee6f5d4522ef67c4147a7e2f9,new_CIR_checkpoint
12,A05,normal,p99.5,1.2074894584657084e-07,12879552,bbbbfc6e24ac9dd1bfa87b596e3f6fe17a1b06cee6f5d4522ef67c4147a7e2f9,new_CIR_checkpoint
12,A05,normal,p99.9,5.269066060122891e-07,12879552,bbbbfc6e24ac9dd1bfa87b596e3f6fe17a1b06cee6f5d4522ef67c4147a7e2f9,new_CIR_checkpoint
12,A05,anomaly,p10,3.4999936282531507e-09,12879552,bbbbfc6e24ac9dd1bfa87b596e3f6fe17a1b06cee6f5d4522ef67c4147a7e2f9,new_CIR_checkpoint
12,A05,anomaly,p50,6.553932063724233e-09,12879552,bbbbfc6e24ac9dd1bfa87b596e3f6fe17a1b06cee6f5d4522ef67c4147a7e2f9,new_CIR_checkpoint
12,A05,anomaly,p90,1.5792248575507983e-07,12879552,bbbbfc6e24ac9dd1bfa87b596e3f6fe17a1b06cee6f5d4522ef67c4147a7e2f9,new_CIR_checkpoint
12,A05,anomaly,p95,6.169175833292658e-07,12879552,bbbbfc6e24ac9dd1bfa87b596e3f6fe17a1b06cee6f5d4522ef67c4147a7e2f9,new_CIR_checkpoint
12,A05,anomaly,p99,0.00020075703301699986,12879552,bbbbfc6e24ac9dd1bfa87b596e3f6fe17a1b06cee6f5d4522ef67c4147a7e2f9,new_CIR_checkpoint
12,A05,anomaly,p99.5,0.003613567729480535,12879552,bbbbfc6e24ac9dd1bfa87b596e3f6fe17a1b06cee6f5d4522ef67c4147a7e2f9,new_CIR_checkpoint
12,A05,anomaly,p99.9,0.479268021106531,12879552,bbbbfc6e24ac9dd1bfa87b596e3f6fe17a1b06cee6f5d4522ef67c4147a7e2f9,new_CIR_checkpoint
12,A05,all,top_precision_0.001,0.6732015994409721,25759,bbbbfc6e24ac9dd1bfa87b596e3f6fe17a1b06cee6f5d4522ef67c4147a7e2f9,new_CIR_checkpoint
12,A05,all,top_precision_0.005,0.2434858225410727,128796,bbbbfc6e24ac9dd1bfa87b596e3f6fe17a1b06cee6f5d4522ef67c4147a7e2f9,new_CIR_checkpoint
12,A05,all,top_precision_0.01,0.13090131254585757,257591,bbbbfc6e24ac9dd1bfa87b596e3f6fe17a1b06cee6f5d4522ef67c4147a7e2f9,new_CIR_checkpoint
12,A05,all,top_precision_0.02,0.06749459414342893,515182,bbbbfc6e24ac9dd1bfa87b596e3f6fe17a1b06cee6f5d4522ef67c4147a7e2f9,new_CIR_checkpoint
12,A05,all,top_precision_0.05,0.02752580641404397,1287955,bbbbfc6e24ac9dd1bfa87b596e3f6fe17a1b06cee6f5d4522ef67c4147a7e2f9,new_CIR_checkpoint
14,A0,normal,p10,3.0728151134695736e-09,12879552,9b8fc5e7760037e772c9bd63d98ce56fcbbaa04f021258ca0d23aa8f2bf5ab81,new_CIR_checkpoint
14,A0,normal,p50,3.3201930094151066e-09,12879552,9b8fc5e7760037e772c9bd63d98ce56fcbbaa04f021258ca0d23aa8f2bf5ab81,new_CIR_checkpoint
14,A0,normal,p90,6.307761868384887e-09,12879552,9b8fc5e7760037e772c9bd63d98ce56fcbbaa04f021258ca0d23aa8f2bf5ab81,new_CIR_checkpoint
14,A0,normal,p95,2.3387924930062776e-08,12879552,9b8fc5e7760037e772c9bd63d98ce56fcbbaa04f021258ca0d23aa8f2bf5ab81,new_CIR_checkpoint
14,A0,normal,p99,6.503178332195631e-07,12879552,9b8fc5e7760037e772c9bd63d98ce56fcbbaa04f021258ca0d23aa8f2bf5ab81,new_CIR_checkpoint
14,A0,normal,p99.5,2.037980796103505e-06,12879552,9b8fc5e7760037e772c9bd63d98ce56fcbbaa04f021258ca0d23aa8f2bf5ab81,new_CIR_checkpoint
14,A0,normal,p99.9,9.327693079285341e-06,12879552,9b8fc5e7760037e772c9bd63d98ce56fcbbaa04f021258ca0d23aa8f2bf5ab81,new_CIR_checkpoint
14,A0,anomaly,p10,3.4375713386936013e-09,12879552,9b8fc5e7760037e772c9bd63d98ce56fcbbaa04f021258ca0d23aa8f2bf5ab81,new_CIR_checkpoint
14,A0,anomaly,p50,6.961948795236594e-09,12879552,9b8fc5e7760037e772c9bd63d98ce56fcbbaa04f021258ca0d23aa8f2bf5ab81,new_CIR_checkpoint
14,A0,anomaly,p90,2.781221155601088e-07,12879552,9b8fc5e7760037e772c9bd63d98ce56fcbbaa04f021258ca0d23aa8f2bf5ab81,new_CIR_checkpoint
14,A0,anomaly,p95,1.6900495779736945e-06,12879552,9b8fc5e7760037e772c9bd63d98ce56fcbbaa04f021258ca0d23aa8f2bf5ab81,new_CIR_checkpoint
14,A0,anomaly,p99,0.0003195079500437733,12879552,9b8fc5e7760037e772c9bd63d98ce56fcbbaa04f021258ca0d23aa8f2bf5ab81,new_CIR_checkpoint
14,A0,anomaly,p99.5,0.005240814851130866,12879552,9b8fc5e7760037e772c9bd63d98ce56fcbbaa04f021258ca0d23aa8f2bf5ab81,new_CIR_checkpoint
14,A0,anomaly,p99.9,0.6518803863524658,12879552,9b8fc5e7760037e772c9bd63d98ce56fcbbaa04f021258ca0d23aa8f2bf5ab81,new_CIR_checkpoint
14,A0,all,top_precision_0.001,0.6789859854808028,25759,9b8fc5e7760037e772c9bd63d98ce56fcbbaa04f021258ca0d23aa8f2bf5ab81,new_CIR_checkpoint
14,A0,all,top_precision_0.005,0.2454346408273549,128796,9b8fc5e7760037e772c9bd63d98ce56fcbbaa04f021258ca0d23aa8f2bf5ab81,new_CIR_checkpoint
14,A0,all,top_precision_0.01,0.13079649521916525,257591,9b8fc5e7760037e772c9bd63d98ce56fcbbaa04f021258ca0d23aa8f2bf5ab81,new_CIR_checkpoint
14,A0,all,top_precision_0.02,0.06789057071093323,515182,9b8fc5e7760037e772c9bd63d98ce56fcbbaa04f021258ca0d23aa8f2bf5ab81,new_CIR_checkpoint
14,A0,all,top_precision_0.05,0.028006413267544286,1287955,9b8fc5e7760037e772c9bd63d98ce56fcbbaa04f021258ca0d23aa8f2bf5ab81,new_CIR_checkpoint
14,A05,normal,p10,3.159364325711067e-09,12879552,9b8fc5e7760037e772c9bd63d98ce56fcbbaa04f021258ca0d23aa8f2bf5ab81,new_CIR_checkpoint
14,A05,normal,p50,3.395203451717066e-09,12879552,9b8fc5e7760037e772c9bd63d98ce56fcbbaa04f021258ca0d23aa8f2bf5ab81,new_CIR_checkpoint
14,A05,normal,p90,6.429791810091956e-09,12879552,9b8fc5e7760037e772c9bd63d98ce56fcbbaa04f021258ca0d23aa8f2bf5ab81,new_CIR_checkpoint
14,A05,normal,p95,2.4070878623660974e-08,12879552,9b8fc5e7760037e772c9bd63d98ce56fcbbaa04f021258ca0d23aa8f2bf5ab81,new_CIR_checkpoint
14,A05,normal,p99,6.654959526031246e-07,12879552,9b8fc5e7760037e772c9bd63d98ce56fcbbaa04f021258ca0d23aa8f2bf5ab81,new_CIR_checkpoint
14,A05,normal,p99.5,2.083266533645641e-06,12879552,9b8fc5e7760037e772c9bd63d98ce56fcbbaa04f021258ca0d23aa8f2bf5ab81,new_CIR_checkpoint
14,A05,normal,p99.9,9.528029113425708e-06,12879552,9b8fc5e7760037e772c9bd63d98ce56fcbbaa04f021258ca0d23aa8f2bf5ab81,new_CIR_checkpoint
14,A05,anomaly,p10,3.5105569562432493e-09,12879552,9b8fc5e7760037e772c9bd63d98ce56fcbbaa04f021258ca0d23aa8f2bf5ab81,new_CIR_checkpoint
14,A05,anomaly,p50,7.071529140034727e-09,12879552,9b8fc5e7760037e772c9bd63d98ce56fcbbaa04f021258ca0d23aa8f2bf5ab81,new_CIR_checkpoint
14,A05,anomaly,p90,2.82986044908285e-07,12879552,9b8fc5e7760037e772c9bd63d98ce56fcbbaa04f021258ca0d23aa8f2bf5ab81,new_CIR_checkpoint
14,A05,anomaly,p95,1.7144098706012228e-06,12879552,9b8fc5e7760037e772c9bd63d98ce56fcbbaa04f021258ca0d23aa8f2bf5ab81,new_CIR_checkpoint
14,A05,anomaly,p99,0.0003226268538855949,12879552,9b8fc5e7760037e772c9bd63d98ce56fcbbaa04f021258ca0d23aa8f2bf5ab81,new_CIR_checkpoint
14,A05,anomaly,p99.5,0.0052752013481219715,12879552,9b8fc5e7760037e772c9bd63d98ce56fcbbaa04f021258ca0d23aa8f2bf5ab81,new_CIR_checkpoint
14,A05,anomaly,p99.9,0.6534008123873778,12879552,9b8fc5e7760037e772c9bd63d98ce56fcbbaa04f021258ca0d23aa8f2bf5ab81,new_CIR_checkpoint
14,A05,all,top_precision_0.001,0.6790636282464382,25759,9b8fc5e7760037e772c9bd63d98ce56fcbbaa04f021258ca0d23aa8f2bf5ab81,new_CIR_checkpoint
14,A05,all,top_precision_0.005,0.24541134817851487,128796,9b8fc5e7760037e772c9bd63d98ce56fcbbaa04f021258ca0d23aa8f2bf5ab81,new_CIR_checkpoint
14,A05,all,top_precision_0.01,0.13079261309595444,257591,9b8fc5e7760037e772c9bd63d98ce56fcbbaa04f021258ca0d23aa8f2bf5ab81,new_CIR_checkpoint
14,A05,all,top_precision_0.02,0.06787892434130074,515182,9b8fc5e7760037e772c9bd63d98ce56fcbbaa04f021258ca0d23aa8f2bf5ab81,new_CIR_checkpoint
14,A05,all,top_precision_0.05,0.028004083993617788,1287955,9b8fc5e7760037e772c9bd63d98ce56fcbbaa04f021258ca0d23aa8f2bf5ab81,new_CIR_checkpoint
16,A0,normal,p10,3.0879205858980185e-09,12879552,2d030907f5234ca7367fadf4f3f4f83a9b8f5d792e65e1abbe23f54a32a354a9,new_CIR_checkpoint
16,A0,normal,p50,3.2852438547337215e-09,12879552,2d030907f5234ca7367fadf4f3f4f83a9b8f5d792e65e1abbe23f54a32a354a9,new_CIR_checkpoint
16,A0,normal,p90,7.078761532497429e-09,12879552,2d030907f5234ca7367fadf4f3f4f83a9b8f5d792e65e1abbe23f54a32a354a9,new_CIR_checkpoint
16,A0,normal,p95,1.5359768568146137e-08,12879552,2d030907f5234ca7367fadf4f3f4f83a9b8f5d792e65e1abbe23f54a32a354a9,new_CIR_checkpoint
16,A0,normal,p99,6.265311114361801e-08,12879552,2d030907f5234ca7367fadf4f3f4f83a9b8f5d792e65e1abbe23f54a32a354a9,new_CIR_checkpoint
16,A0,normal,p99.5,1.0024998932323051e-07,12879552,2d030907f5234ca7367fadf4f3f4f83a9b8f5d792e65e1abbe23f54a32a354a9,new_CIR_checkpoint
16,A0,normal,p99.9,3.1154888759484863e-07,12879552,2d030907f5234ca7367fadf4f3f4f83a9b8f5d792e65e1abbe23f54a32a354a9,new_CIR_checkpoint
16,A0,anomaly,p10,3.3193254811436645e-09,12879552,2d030907f5234ca7367fadf4f3f4f83a9b8f5d792e65e1abbe23f54a32a354a9,new_CIR_checkpoint
16,A0,anomaly,p50,5.962394578062913e-09,12879552,2d030907f5234ca7367fadf4f3f4f83a9b8f5d792e65e1abbe23f54a32a354a9,new_CIR_checkpoint
16,A0,anomaly,p90,6.22545996975532e-08,12879552,2d030907f5234ca7367fadf4f3f4f83a9b8f5d792e65e1abbe23f54a32a354a9,new_CIR_checkpoint
16,A0,anomaly,p95,4.4573022108806915e-07,12879552,2d030907f5234ca7367fadf4f3f4f83a9b8f5d792e65e1abbe23f54a32a354a9,new_CIR_checkpoint
16,A0,anomaly,p99,7.126280521333702e-05,12879552,2d030907f5234ca7367fadf4f3f4f83a9b8f5d792e65e1abbe23f54a32a354a9,new_CIR_checkpoint
16,A0,anomaly,p99.5,0.00199592108605423,12879552,2d030907f5234ca7367fadf4f3f4f83a9b8f5d792e65e1abbe23f54a32a354a9,new_CIR_checkpoint
16,A0,anomaly,p99.9,0.3546261712312251,12879552,2d030907f5234ca7367fadf4f3f4f83a9b8f5d792e65e1abbe23f54a32a354a9,new_CIR_checkpoint
16,A0,all,top_precision_0.001,0.674909740284949,25759,2d030907f5234ca7367fadf4f3f4f83a9b8f5d792e65e1abbe23f54a32a354a9,new_CIR_checkpoint
16,A0,all,top_precision_0.005,0.24666138699959625,128796,2d030907f5234ca7367fadf4f3f4f83a9b8f5d792e65e1abbe23f54a32a354a9,new_CIR_checkpoint
16,A0,all,top_precision_0.01,0.13136716733115675,257591,2d030907f5234ca7367fadf4f3f4f83a9b8f5d792e65e1abbe23f54a32a354a9,new_CIR_checkpoint
16,A0,all,top_precision_0.02,0.06835448443462698,515182,2d030907f5234ca7367fadf4f3f4f83a9b8f5d792e65e1abbe23f54a32a354a9,new_CIR_checkpoint
16,A0,all,top_precision_0.05,0.028220706468781907,1287955,2d030907f5234ca7367fadf4f3f4f83a9b8f5d792e65e1abbe23f54a32a354a9,new_CIR_checkpoint
16,A05,normal,p10,3.1833176095119597e-09,12879552,2d030907f5234ca7367fadf4f3f4f83a9b8f5d792e65e1abbe23f54a32a354a9,new_CIR_checkpoint
16,A05,normal,p50,3.398825221267998e-09,12879552,2d030907f5234ca7367fadf4f3f4f83a9b8f5d792e65e1abbe23f54a32a354a9,new_CIR_checkpoint
16,A05,normal,p90,7.263457391104566e-09,12879552,2d030907f5234ca7367fadf4f3f4f83a9b8f5d792e65e1abbe23f54a32a354a9,new_CIR_checkpoint
16,A05,normal,p95,1.580105406517871e-08,12879552,2d030907f5234ca7367fadf4f3f4f83a9b8f5d792e65e1abbe23f54a32a354a9,new_CIR_checkpoint
16,A05,normal,p99,6.496311755199713e-08,12879552,2d030907f5234ca7367fadf4f3f4f83a9b8f5d792e65e1abbe23f54a32a354a9,new_CIR_checkpoint
16,A05,normal,p99.5,1.041554084224567e-07,12879552,2d030907f5234ca7367fadf4f3f4f83a9b8f5d792e65e1abbe23f54a32a354a9,new_CIR_checkpoint
16,A05,normal,p99.9,3.2404896887782467e-07,12879552,2d030907f5234ca7367fadf4f3f4f83a9b8f5d792e65e1abbe23f54a32a354a9,new_CIR_checkpoint
16,A05,anomaly,p10,3.4036911067403253e-09,12879552,2d030907f5234ca7367fadf4f3f4f83a9b8f5d792e65e1abbe23f54a32a354a9,new_CIR_checkpoint
16,A05,anomaly,p50,6.0928315726016535e-09,12879552,2d030907f5234ca7367fadf4f3f4f83a9b8f5d792e65e1abbe23f54a32a354a9,new_CIR_checkpoint
16,A05,anomaly,p90,6.334564730536845e-08,12879552,2d030907f5234ca7367fadf4f3f4f83a9b8f5d792e65e1abbe23f54a32a354a9,new_CIR_checkpoint
16,A05,anomaly,p95,4.533149677854447e-07,12879552,2d030907f5234ca7367fadf4f3f4f83a9b8f5d792e65e1abbe23f54a32a354a9,new_CIR_checkpoint
16,A05,anomaly,p99,7.201198641269042e-05,12879552,2d030907f5234ca7367fadf4f3f4f83a9b8f5d792e65e1abbe23f54a32a354a9,new_CIR_checkpoint
16,A05,anomaly,p99.5,0.002010951779084161,12879552,2d030907f5234ca7367fadf4f3f4f83a9b8f5d792e65e1abbe23f54a32a354a9,new_CIR_checkpoint
16,A05,anomaly,p99.9,0.35658459776625684,12879552,2d030907f5234ca7367fadf4f3f4f83a9b8f5d792e65e1abbe23f54a32a354a9,new_CIR_checkpoint
16,A05,all,top_precision_0.001,0.6749485616677666,25759,2d030907f5234ca7367fadf4f3f4f83a9b8f5d792e65e1abbe23f54a32a354a9,new_CIR_checkpoint
16,A05,all,top_precision_0.005,0.24665362278331626,128796,2d030907f5234ca7367fadf4f3f4f83a9b8f5d792e65e1abbe23f54a32a354a9,new_CIR_checkpoint
16,A05,all,top_precision_0.01,0.1313710494543676,257591,2d030907f5234ca7367fadf4f3f4f83a9b8f5d792e65e1abbe23f54a32a354a9,new_CIR_checkpoint
16,A05,all,top_precision_0.02,0.06833701488017827,515182,2d030907f5234ca7367fadf4f3f4f83a9b8f5d792e65e1abbe23f54a32a354a9,new_CIR_checkpoint
16,A05,all,top_precision_0.05,0.028216047920928914,1287955,2d030907f5234ca7367fadf4f3f4f83a9b8f5d792e65e1abbe23f54a32a354a9,new_CIR_checkpoint
18,A0,normal,p10,2.9291213898829938e-09,12879552,25779178f390b1bc9fc22d97a520bf43504fc805d21b68fe17e1986637b55050,new_CIR_checkpoint
18,A0,normal,p50,3.191378938893763e-09,12879552,25779178f390b1bc9fc22d97a520bf43504fc805d21b68fe17e1986637b55050,new_CIR_checkpoint
18,A0,normal,p90,7.918439237641905e-09,12879552,25779178f390b1bc9fc22d97a520bf43504fc805d21b68fe17e1986637b55050,new_CIR_checkpoint
18,A0,normal,p95,1.2580951391782946e-08,12879552,25779178f390b1bc9fc22d97a520bf43504fc805d21b68fe17e1986637b55050,new_CIR_checkpoint
18,A0,normal,p99,4.635002870401197e-08,12879552,25779178f390b1bc9fc22d97a520bf43504fc805d21b68fe17e1986637b55050,new_CIR_checkpoint
18,A0,normal,p99.5,8.820043653656671e-08,12879552,25779178f390b1bc9fc22d97a520bf43504fc805d21b68fe17e1986637b55050,new_CIR_checkpoint
18,A0,normal,p99.9,3.173446840491838e-07,12879552,25779178f390b1bc9fc22d97a520bf43504fc805d21b68fe17e1986637b55050,new_CIR_checkpoint
18,A0,anomaly,p10,3.1285536383762746e-09,12879552,25779178f390b1bc9fc22d97a520bf43504fc805d21b68fe17e1986637b55050,new_CIR_checkpoint
18,A0,anomaly,p50,6.1096994130593885e-09,12879552,25779178f390b1bc9fc22d97a520bf43504fc805d21b68fe17e1986637b55050,new_CIR_checkpoint
18,A0,anomaly,p90,1.0517979376345465e-07,12879552,25779178f390b1bc9fc22d97a520bf43504fc805d21b68fe17e1986637b55050,new_CIR_checkpoint
18,A0,anomaly,p95,1.0697574566620445e-06,12879552,25779178f390b1bc9fc22d97a520bf43504fc805d21b68fe17e1986637b55050,new_CIR_checkpoint
18,A0,anomaly,p99,0.00028623495745705587,12879552,25779178f390b1bc9fc22d97a520bf43504fc805d21b68fe17e1986637b55050,new_CIR_checkpoint
18,A0,anomaly,p99.5,0.005858185645192852,12879552,25779178f390b1bc9fc22d97a520bf43504fc805d21b68fe17e1986637b55050,new_CIR_checkpoint
18,A0,anomaly,p99.9,0.630570639252604,12879552,25779178f390b1bc9fc22d97a520bf43504fc805d21b68fe17e1986637b55050,new_CIR_checkpoint
18,A0,all,top_precision_0.001,0.6490158779455725,25759,25779178f390b1bc9fc22d97a520bf43504fc805d21b68fe17e1986637b55050,new_CIR_checkpoint
18,A0,all,top_precision_0.005,0.24254635237119165,128796,25779178f390b1bc9fc22d97a520bf43504fc805d21b68fe17e1986637b55050,new_CIR_checkpoint
18,A0,all,top_precision_0.01,0.13086249131374933,257591,25779178f390b1bc9fc22d97a520bf43504fc805d21b68fe17e1986637b55050,new_CIR_checkpoint
18,A0,all,top_precision_0.02,0.06798568272959847,515182,25779178f390b1bc9fc22d97a520bf43504fc805d21b68fe17e1986637b55050,new_CIR_checkpoint
18,A0,all,top_precision_0.05,0.028216047920928914,1287955,25779178f390b1bc9fc22d97a520bf43504fc805d21b68fe17e1986637b55050,new_CIR_checkpoint
18,A05,normal,p10,3.048698626884061e-09,12879552,25779178f390b1bc9fc22d97a520bf43504fc805d21b68fe17e1986637b55050,new_CIR_checkpoint
18,A05,normal,p50,3.2976870123491153e-09,12879552,25779178f390b1bc9fc22d97a520bf43504fc805d21b68fe17e1986637b55050,new_CIR_checkpoint
18,A05,normal,p90,8.097009285279455e-09,12879552,25779178f390b1bc9fc22d97a520bf43504fc805d21b68fe17e1986637b55050,new_CIR_checkpoint
18,A05,normal,p95,1.2883820232900689e-08,12879552,25779178f390b1bc9fc22d97a520bf43504fc805d21b68fe17e1986637b55050,new_CIR_checkpoint
18,A05,normal,p99,4.7705133958686556e-08,12879552,25779178f390b1bc9fc22d97a520bf43504fc805d21b68fe17e1986637b55050,new_CIR_checkpoint
18,A05,normal,p99.5,9.06680961421101e-08,12879552,25779178f390b1bc9fc22d97a520bf43504fc805d21b68fe17e1986637b55050,new_CIR_checkpoint
18,A05,normal,p99.9,3.3170002899394206e-07,12879552,25779178f390b1bc9fc22d97a520bf43504fc805d21b68fe17e1986637b55050,new_CIR_checkpoint
18,A05,anomaly,p10,3.2125404558769333e-09,12879552,25779178f390b1bc9fc22d97a520bf43504fc805d21b68fe17e1986637b55050,new_CIR_checkpoint
18,A05,anomaly,p50,6.224572413060514e-09,12879552,25779178f390b1bc9fc22d97a520bf43504fc805d21b68fe17e1986637b55050,new_CIR_checkpoint
18,A05,anomaly,p90,1.0658802551688495e-07,12879552,25779178f390b1bc9fc22d97a520bf43504fc805d21b68fe17e1986637b55050,new_CIR_checkpoint
18,A05,anomaly,p95,1.08417021920104e-06,12879552,25779178f390b1bc9fc22d97a520bf43504fc805d21b68fe17e1986637b55050,new_CIR_checkpoint
18,A05,anomaly,p99,0.0002888278695172666,12879552,25779178f390b1bc9fc22d97a520bf43504fc805d21b68fe17e1986637b55050,new_CIR_checkpoint
18,A05,anomaly,p99.5,0.0058855143678374295,12879552,25779178f390b1bc9fc22d97a520bf43504fc805d21b68fe17e1986637b55050,new_CIR_checkpoint
18,A05,anomaly,p99.9,0.6318240333795104,12879552,25779178f390b1bc9fc22d97a520bf43504fc805d21b68fe17e1986637b55050,new_CIR_checkpoint
18,A05,all,top_precision_0.001,0.6491323420940254,25759,25779178f390b1bc9fc22d97a520bf43504fc805d21b68fe17e1986637b55050,new_CIR_checkpoint
18,A05,all,top_precision_0.005,0.24253082393863162,128796,25779178f390b1bc9fc22d97a520bf43504fc805d21b68fe17e1986637b55050,new_CIR_checkpoint
18,A05,all,top_precision_0.01,0.1308586091905385,257591,25779178f390b1bc9fc22d97a520bf43504fc805d21b68fe17e1986637b55050,new_CIR_checkpoint
18,A05,all,top_precision_0.02,0.06797985954478224,515182,25779178f390b1bc9fc22d97a520bf43504fc805d21b68fe17e1986637b55050,new_CIR_checkpoint
18,A05,all,top_precision_0.05,0.028215271496286748,1287955,25779178f390b1bc9fc22d97a520bf43504fc805d21b68fe17e1986637b55050,new_CIR_checkpoint
20,A0,normal,p10,2.889237071812545e-09,12879552,91f121852b6c20b8dddf31225518db10f79219b61e8b326e3afe37d06b4dbde6,new_CIR_checkpoint
20,A0,normal,p50,3.0679134788158535e-09,12879552,91f121852b6c20b8dddf31225518db10f79219b61e8b326e3afe37d06b4dbde6,new_CIR_checkpoint
20,A0,normal,p90,5.803361791123507e-09,12879552,91f121852b6c20b8dddf31225518db10f79219b61e8b326e3afe37d06b4dbde6,new_CIR_checkpoint
20,A0,normal,p95,9.269385259358374e-09,12879552,91f121852b6c20b8dddf31225518db10f79219b61e8b326e3afe37d06b4dbde6,new_CIR_checkpoint
20,A0,normal,p99,3.578323770625502e-08,12879552,91f121852b6c20b8dddf31225518db10f79219b61e8b326e3afe37d06b4dbde6,new_CIR_checkpoint
20,A0,normal,p99.5,5.8104224436305686e-08,12879552,91f121852b6c20b8dddf31225518db10f79219b61e8b326e3afe37d06b4dbde6,new_CIR_checkpoint
20,A0,normal,p99.9,1.5266970488879597e-07,12879552,91f121852b6c20b8dddf31225518db10f79219b61e8b326e3afe37d06b4dbde6,new_CIR_checkpoint
20,A0,anomaly,p10,3.054390962375919e-09,12879552,91f121852b6c20b8dddf31225518db10f79219b61e8b326e3afe37d06b4dbde6,new_CIR_checkpoint
20,A0,anomaly,p50,5.14339637547323e-09,12879552,91f121852b6c20b8dddf31225518db10f79219b61e8b326e3afe37d06b4dbde6,new_CIR_checkpoint
20,A0,anomaly,p90,8.441089747179837e-08,12879552,91f121852b6c20b8dddf31225518db10f79219b61e8b326e3afe37d06b4dbde6,new_CIR_checkpoint
20,A0,anomaly,p95,6.222352055829101e-07,12879552,91f121852b6c20b8dddf31225518db10f79219b61e8b326e3afe37d06b4dbde6,new_CIR_checkpoint
20,A0,anomaly,p99,0.0001433648847159943,12879552,91f121852b6c20b8dddf31225518db10f79219b61e8b326e3afe37d06b4dbde6,new_CIR_checkpoint
20,A0,anomaly,p99.5,0.0018790767516473814,12879552,91f121852b6c20b8dddf31225518db10f79219b61e8b326e3afe37d06b4dbde6,new_CIR_checkpoint
20,A0,anomaly,p99.9,0.5052461782097283,12879552,91f121852b6c20b8dddf31225518db10f79219b61e8b326e3afe37d06b4dbde6,new_CIR_checkpoint
20,A0,all,top_precision_0.001,0.6778601653790908,25759,91f121852b6c20b8dddf31225518db10f79219b61e8b326e3afe37d06b4dbde6,new_CIR_checkpoint
20,A0,all,top_precision_0.005,0.24602472126463554,128796,91f121852b6c20b8dddf31225518db10f79219b61e8b326e3afe37d06b4dbde6,new_CIR_checkpoint
20,A0,all,top_precision_0.01,0.1320892422483705,257591,91f121852b6c20b8dddf31225518db10f79219b61e8b326e3afe37d06b4dbde6,new_CIR_checkpoint
20,A0,all,top_precision_0.02,0.06882422134313698,515182,91f121852b6c20b8dddf31225518db10f79219b61e8b326e3afe37d06b4dbde6,new_CIR_checkpoint
20,A0,all,top_precision_0.05,0.02824011708483604,1287955,91f121852b6c20b8dddf31225518db10f79219b61e8b326e3afe37d06b4dbde6,new_CIR_checkpoint
20,A05,normal,p10,3.0024522867933e-09,12879552,91f121852b6c20b8dddf31225518db10f79219b61e8b326e3afe37d06b4dbde6,new_CIR_checkpoint
20,A05,normal,p50,3.1859779259235665e-09,12879552,91f121852b6c20b8dddf31225518db10f79219b61e8b326e3afe37d06b4dbde6,new_CIR_checkpoint
20,A05,normal,p90,5.924079449215469e-09,12879552,91f121852b6c20b8dddf31225518db10f79219b61e8b326e3afe37d06b4dbde6,new_CIR_checkpoint
20,A05,normal,p95,9.497260267110605e-09,12879552,91f121852b6c20b8dddf31225518db10f79219b61e8b326e3afe37d06b4dbde6,new_CIR_checkpoint
20,A05,normal,p99,3.691672745276264e-08,12879552,91f121852b6c20b8dddf31225518db10f79219b61e8b326e3afe37d06b4dbde6,new_CIR_checkpoint
20,A05,normal,p99.5,5.985644634165501e-08,12879552,91f121852b6c20b8dddf31225518db10f79219b61e8b326e3afe37d06b4dbde6,new_CIR_checkpoint
20,A05,normal,p99.9,1.554123123952371e-07,12879552,91f121852b6c20b8dddf31225518db10f79219b61e8b326e3afe37d06b4dbde6,new_CIR_checkpoint
20,A05,anomaly,p10,3.1480673623462962e-09,12879552,91f121852b6c20b8dddf31225518db10f79219b61e8b326e3afe37d06b4dbde6,new_CIR_checkpoint
20,A05,anomaly,p50,5.2561972552211955e-09,12879552,91f121852b6c20b8dddf31225518db10f79219b61e8b326e3afe37d06b4dbde6,new_CIR_checkpoint
20,A05,anomaly,p90,8.612040431899016e-08,12879552,91f121852b6c20b8dddf31225518db10f79219b61e8b326e3afe37d06b4dbde6,new_CIR_checkpoint
20,A05,anomaly,p95,6.332867826586143e-07,12879552,91f121852b6c20b8dddf31225518db10f79219b61e8b326e3afe37d06b4dbde6,new_CIR_checkpoint
20,A05,anomaly,p99,0.00014575731402146667,12879552,91f121852b6c20b8dddf31225518db10f79219b61e8b326e3afe37d06b4dbde6,new_CIR_checkpoint
20,A05,anomaly,p99.5,0.0018959209986495356,12879552,91f121852b6c20b8dddf31225518db10f79219b61e8b326e3afe37d06b4dbde6,new_CIR_checkpoint
20,A05,anomaly,p99.9,0.5074837200044847,12879552,91f121852b6c20b8dddf31225518db10f79219b61e8b326e3afe37d06b4dbde6,new_CIR_checkpoint
20,A05,all,top_precision_0.001,0.6778601653790908,25759,91f121852b6c20b8dddf31225518db10f79219b61e8b326e3afe37d06b4dbde6,new_CIR_checkpoint
20,A05,all,top_precision_0.005,0.2459781359669555,128796,91f121852b6c20b8dddf31225518db10f79219b61e8b326e3afe37d06b4dbde6,new_CIR_checkpoint
20,A05,all,top_precision_0.01,0.132077595878738,257591,91f121852b6c20b8dddf31225518db10f79219b61e8b326e3afe37d06b4dbde6,new_CIR_checkpoint
20,A05,all,top_precision_0.02,0.06881451603510992,515182,91f121852b6c20b8dddf31225518db10f79219b61e8b326e3afe37d06b4dbde6,new_CIR_checkpoint
20,A05,all,top_precision_0.05,0.028239340660193873,1287955,91f121852b6c20b8dddf31225518db10f79219b61e8b326e3afe37d06b4dbde6,new_CIR_checkpoint
