epoch,reference,comparison,component,parameter_count,l2_distance,normalized_l2,cosine_flattened,relative_update_magnitude,max_abs_delta,diagnostic_reference,diagnostic_l2_to_p_e14,diagnostic_normalized_l2_to_p_e14,parent_checkpoint_sha256,old_cir_checkpoint_sha256,anchor_checkpoint_sha256
10,P_E10,C_OLD_E10,image_adapter,14015247,169.38716071452086,0.725920249780022,0.7234148977604726,0.7660071593626585,0.8545984886586666,P_E14,174.31640183360244,0.7331180874494987,31ca8344c646693d0ee51941d39f28aa07b6a102c49d1efdc5e3cdf2ec8bcc50,e4a2bfaef8f44a64dba87999c90f19accf7863eeba2e99eb587ef8cc65601722,58af2ea6e3d92232498e3cb9bcf40b251e7116cfbac9a34d1abd4b07487aeaf0
10,P_E10,A_E10,image_adapter,14015247,163.72705352731276,0.7016634737304807,0.7480009547111671,0.7191543968899387,0.6314383298158646,P_E14,167.57093741724174,0.7047488581637682,31ca8344c646693d0ee51941d39f28aa07b6a102c49d1efdc5e3cdf2ec8bcc50,e4a2bfaef8f44a64dba87999c90f19accf7863eeba2e99eb587ef8cc65601722,58af2ea6e3d92232498e3cb9bcf40b251e7116cfbac9a34d1abd4b07487aeaf0
10,P_E10,C_OLD_E10,text_adapter,80640,6.483117595231417,0.07693145441949883,0.9970502194318599,0.07675470991617432,0.36703384667634964,P_E14,7.025028353415997,0.08328454215170066,31ca8344c646693d0ee51941d39f28aa07b6a102c49d1efdc5e3cdf2ec8bcc50,e4a2bfaef8f44a64dba87999c90f19accf7863eeba2e99eb587ef8cc65601722,58af2ea6e3d92232498e3cb9bcf40b251e7116cfbac9a34d1abd4b07487aeaf0
10,P_E10,A_E10,text_adapter,80640,7.039394958584412,0.08353248023690302,0.996520186018835,0.08336477780503238,0.3512328714132309,P_E14,7.57370972154242,0.08978938088439521,31ca8344c646693d0ee51941d39f28aa07b6a102c49d1efdc5e3cdf2ec8bcc50,e4a2bfaef8f44a64dba87999c90f19accf7863eeba2e99eb587ef8cc65601722,58af2ea6e3d92232498e3cb9bcf40b251e7116cfbac9a34d1abd4b07487aeaf0
10,P_E10,C_OLD_E10,soft_prompt,6144,0.905310233378293,0.7538016187412696,0.7206429684547355,0.7415512539263494,0.052706606686115265,P_E14,0.9775756072608308,0.7771560966616277,31ca8344c646693d0ee51941d39f28aa07b6a102c49d1efdc5e3cdf2ec8bcc50,e4a2bfaef8f44a64dba87999c90f19accf7863eeba2e99eb587ef8cc65601722,58af2ea6e3d92232498e3cb9bcf40b251e7116cfbac9a34d1abd4b07487aeaf0
10,P_E10,A_E10,soft_prompt,6144,0.9548942254595952,0.7950874587953075,0.6842316705629802,0.7942995890433959,0.05469327047467232,P_E14,1.0305026998046918,0.8192322413030528,31ca8344c646693d0ee51941d39f28aa07b6a102c49d1efdc5e3cdf2ec8bcc50,e4a2bfaef8f44a64dba87999c90f19accf7863eeba2e99eb587ef8cc65601722,58af2ea6e3d92232498e3cb9bcf40b251e7116cfbac9a34d1abd4b07487aeaf0
12,P_E12,C_OLD_E12,image_adapter,14015247,174.5265444433567,0.7393223622085061,0.7135111956586914,0.7786350765385585,0.8763239830732346,P_E14,176.46221667459844,0.7421426867167175,6a531e91ce77d84d1baf4493183de2f09a0e4124f996986f862c2ea3b32d9bac,32ea4b7083a6727fe217e22dec33b622900d2ea6f0e5193fe795d342fd81abfb,bbbbfc6e24ac9dd1bfa87b596e3f6fe17a1b06cee6f5d4522ef67c4147a7e2f9
12,P_E12,A_E12,image_adapter,14015247,168.10722226773214,0.7121290865391966,0.7408912832854573,0.7284199807387031,0.6534314677119255,P_E14,169.58606196648157,0.713223816572567,6a531e91ce77d84d1baf4493183de2f09a0e4124f996986f862c2ea3b32d9bac,32ea4b7083a6727fe217e22dec33b622900d2ea6f0e5193fe795d342fd81abfb,bbbbfc6e24ac9dd1bfa87b596e3f6fe17a1b06cee6f5d4522ef67c4147a7e2f9
12,P_E12,C_OLD_E12,text_adapter,80640,6.796309906426444,0.08059379081884872,0.9967619832007438,0.0804151195475368,0.4052565172314644,P_E14,6.950665209024146,0.08240293710727055,6a531e91ce77d84d1baf4493183de2f09a0e4124f996986f862c2ea3b32d9bac,32ea4b7083a6727fe217e22dec33b622900d2ea6f0e5193fe795d342fd81abfb,bbbbfc6e24ac9dd1bfa87b596e3f6fe17a1b06cee6f5d4522ef67c4147a7e2f9
12,P_E12,A_E12,text_adapter,80640,7.337769156414889,0.08701466540098572,0.9962235003979101,0.08684515100216077,0.36705584824085236,P_E14,7.487821901295094,0.08877114616335983,6a531e91ce77d84d1baf4493183de2f09a0e4124f996986f862c2ea3b32d9bac,32ea4b7083a6727fe217e22dec33b622900d2ea6f0e5193fe795d342fd81abfb,bbbbfc6e24ac9dd1bfa87b596e3f6fe17a1b06cee6f5d4522ef67c4147a7e2f9
12,P_E12,C_OLD_E12,soft_prompt,6144,0.9728606341405643,0.7911748399492072,0.6918147937143385,0.7793440602609438,0.056075263768434525,P_E14,1.002943591948997,0.7973232160271245,6a531e91ce77d84d1baf4493183de2f09a0e4124f996986f862c2ea3b32d9bac,32ea4b7083a6727fe217e22dec33b622900d2ea6f0e5193fe795d342fd81abfb,bbbbfc6e24ac9dd1bfa87b596e3f6fe17a1b06cee6f5d4522ef67c4147a7e2f9
12,P_E12,A_E12,soft_prompt,6144,1.0235644805917854,0.8324095309142626,0.654813026429909,0.8293840710230609,0.057727960869669914,P_E14,1.0536447504325457,0.8376297806863059,6a531e91ce77d84d1baf4493183de2f09a0e4124f996986f862c2ea3b32d9bac,32ea4b7083a6727fe217e22dec33b622900d2ea6f0e5193fe795d342fd81abfb,bbbbfc6e24ac9dd1bfa87b596e3f6fe17a1b06cee6f5d4522ef67c4147a7e2f9
14,P_E14,C_OLD_E14,image_adapter,14015247,178.19113500672566,0.7494139548686117,0.7067267468451589,0.7856493090872566,0.8847395926713943,P_E14,178.19113500672566,0.7494139548686117,3eb6e2fe12f96b84745baf0f8a013f88c7f3a739283493a2ba5e31a35ad2f6c2,c78444c94bd669bae68b02d462b584df9c603a28a21834be76ea341fd867e15c,9b8fc5e7760037e772c9bd63d98ce56fcbbaa04f021258ca0d23aa8f2bf5ab81
14,P_E14,A_E14,image_adapter,14015247,170.7118495198909,0.7179585128452548,0.7374420677121202,0.7319179064008539,0.6572423130273819,P_E14,170.7118495198909,0.7179585128452548,3eb6e2fe12f96b84745baf0f8a013f88c7f3a739283493a2ba5e31a35ad2f6c2,c78444c94bd669bae68b02d462b584df9c603a28a21834be76ea341fd867e15c,9b8fc5e7760037e772c9bd63d98ce56fcbbaa04f021258ca0d23aa8f2bf5ab81
14,P_E14,C_OLD_E14,text_adapter,80640,7.0525501720017605,0.08361082440207518,0.9965147433627954,0.08342668769864883,0.43688538670539856,P_E14,7.0525501720017605,0.08361082440207518,3eb6e2fe12f96b84745baf0f8a013f88c7f3a739283493a2ba5e31a35ad2f6c2,c78444c94bd669bae68b02d462b584df9c603a28a21834be76ea341fd867e15c,9b8fc5e7760037e772c9bd63d98ce56fcbbaa04f021258ca0d23aa8f2bf5ab81
14,P_E14,A_E14,text_adapter,80640,7.602653810520738,0.09013252472343539,0.9959475444413101,0.08996196313156478,0.37834834307432175,P_E14,7.602653810520738,0.09013252472343539,3eb6e2fe12f96b84745baf0f8a013f88c7f3a739283493a2ba5e31a35ad2f6c2,c78444c94bd669bae68b02d462b584df9c603a28a21834be76ea341fd867e15c,9b8fc5e7760037e772c9bd63d98ce56fcbbaa04f021258ca0d23aa8f2bf5ab81
14,P_E14,C_OLD_E14,soft_prompt,6144,1.0327753566713676,0.821038965127214,0.667184871944471,0.8109048873462777,0.060947272926568985,P_E14,1.0327753566713676,0.821038965127214,3eb6e2fe12f96b84745baf0f8a013f88c7f3a739283493a2ba5e31a35ad2f6c2,c78444c94bd669bae68b02d462b584df9c603a28a21834be76ea341fd867e15c,9b8fc5e7760037e772c9bd63d98ce56fcbbaa04f021258ca0d23aa8f2bf5ab81
14,P_E14,A_E14,soft_prompt,6144,1.0801970927453761,0.8587384443597816,0.6320111632263175,0.8570497258695527,0.06452035158872604,P_E14,1.0801970927453761,0.8587384443597816,3eb6e2fe12f96b84745baf0f8a013f88c7f3a739283493a2ba5e31a35ad2f6c2,c78444c94bd669bae68b02d462b584df9c603a28a21834be76ea341fd867e15c,9b8fc5e7760037e772c9bd63d98ce56fcbbaa04f021258ca0d23aa8f2bf5ab81
16,P_E16,C_OLD_E16,image_adapter,14015247,181.08425867539543,0.7564990393193414,0.7022953792877817,0.7894640549034855,0.9007527157664299,P_E14,179.68215560022554,0.7556847025111537,7be7d0be6b2dbac57c48a2aedd264a04fcb1e6724240f8ab1fc1af561264f3bb,dfacf3c857c47832ac0a771443320d2c26b727e066824ecd58976093ec6b56a0,2d030907f5234ca7367fadf4f3f4f83a9b8f5d792e65e1abbe23f54a32a354a9
16,P_E16,A_E16,image_adapter,14015247,172.44924125753016,0.7204253218747425,0.736088132488082,0.7330763782962252,0.6603488326072693,P_E14,171.33920603044348,0.7205969702728257,7be7d0be6b2dbac57c48a2aedd264a04fcb1e6724240f8ab1fc1af561264f3bb,dfacf3c857c47832ac0a771443320d2c26b727e066824ecd58976093ec6b56a0,2d030907f5234ca7367fadf4f3f4f83a9b8f5d792e65e1abbe23f54a32a354a9
16,P_E16,C_OLD_E16,text_adapter,80640,7.262462493761897,0.08609178149019328,0.9963046950770541,0.08590217305920715,0.4636022076010704,P_E14,7.236399161046655,0.08579042825665771,7be7d0be6b2dbac57c48a2aedd264a04fcb1e6724240f8ab1fc1af561264f3bb,dfacf3c857c47832ac0a771443320d2c26b727e066824ecd58976093ec6b56a0,2d030907f5234ca7367fadf4f3f4f83a9b8f5d792e65e1abbe23f54a32a354a9
16,P_E16,A_E16,text_adapter,80640,7.812052534154867,0.09260681488380315,0.9957211563748954,0.09244277177645219,0.38452595472335815,P_E14,7.802543833943787,0.09250230150496058,7be7d0be6b2dbac57c48a2aedd264a04fcb1e6724240f8ab1fc1af561264f3bb,dfacf3c857c47832ac0a771443320d2c26b727e066824ecd58976093ec6b56a0,2d030907f5234ca7367fadf4f3f4f83a9b8f5d792e65e1abbe23f54a32a354a9
16,P_E16,C_OLD_E16,soft_prompt,6144,1.0873033888464436,0.8458572111522901,0.645753303066941,0.8377146322872465,0.06442650035023689,P_E14,1.0638287356623237,0.8457258769379407,7be7d0be6b2dbac57c48a2aedd264a04fcb1e6724240f8ab1fc1af561264f3bb,dfacf3c857c47832ac0a771443320d2c26b727e066824ecd58976093ec6b56a0,2d030907f5234ca7367fadf4f3f4f83a9b8f5d792e65e1abbe23f54a32a354a9
16,P_E16,A_E16,soft_prompt,6144,1.1316449507762454,0.8803523026757982,0.6119552086939526,0.8815692176659717,0.06934138387441635,P_E14,1.1091753062255425,0.881775634638676,7be7d0be6b2dbac57c48a2aedd264a04fcb1e6724240f8ab1fc1af561264f3bb,dfacf3c857c47832ac0a771443320d2c26b727e066824ecd58976093ec6b56a0,2d030907f5234ca7367fadf4f3f4f83a9b8f5d792e65e1abbe23f54a32a354a9
18,P_E18,C_OLD_E18,image_adapter,14015247,183.5632715158254,0.7620905914763385,0.6983856174243446,0.7937141130757502,0.9129437580704689,P_E14,180.95335821850173,0.7610309672485422,562cdd488c6cc1ae5e7e51f5ed2768f4a9ebfe838a8bfd78bb914601d095283d,8073f9f2922c02147603b0ef60c5a71a1896a319e08610e7ca770e3142167939,25779178f390b1bc9fc22d97a520bf43504fc805d21b68fe17e1986637b55050
18,P_E18,A_E18,image_adapter,14015247,173.97096441783702,0.7222666826433648,0.7351481258675361,0.7337343839174547,0.6637840270996094,P_E14,171.9992676874545,0.7233729749086292,562cdd488c6cc1ae5e7e51f5ed2768f4a9ebfe838a8bfd78bb914601d095283d,8073f9f2922c02147603b0ef60c5a71a1896a319e08610e7ca770e3142167939,25779178f390b1bc9fc22d97a520bf43504fc805d21b68fe17e1986637b55050
18,P_E18,C_OLD_E18,text_adapter,80640,7.434896273710209,0.0881343459821855,0.9961273808729383,0.08793695194264817,0.4778612554073334,P_E14,7.436885424904781,0.08816727370882016,562cdd488c6cc1ae5e7e51f5ed2768f4a9ebfe838a8bfd78bb914601d095283d,8073f9f2922c02147603b0ef60c5a71a1896a319e08610e7ca770e3142167939,25779178f390b1bc9fc22d97a520bf43504fc805d21b68fe17e1986637b55050
18,P_E18,A_E18,text_adapter,80640,8.000618307104153,0.0948404975659259,0.9955115739289585,0.09468170615990587,0.39262157678604126,P_E14,8.025709441715527,0.09514801971878639,562cdd488c6cc1ae5e7e51f5ed2768f4a9ebfe838a8bfd78bb914601d095283d,8073f9f2922c02147603b0ef60c5a71a1896a319e08610e7ca770e3142167939,25779178f390b1bc9fc22d97a520bf43504fc805d21b68fe17e1986637b55050
18,P_E18,C_OLD_E18,soft_prompt,6144,1.1307051069222862,0.864603778912111,0.6292528097472492,0.8576864049247889,0.06589886732399464,P_E14,1.0902250323668288,0.8667104869883855,562cdd488c6cc1ae5e7e51f5ed2768f4a9ebfe838a8bfd78bb914601d095283d,8073f9f2922c02147603b0ef60c5a71a1896a319e08610e7ca770e3142167939,25779178f390b1bc9fc22d97a520bf43504fc805d21b68fe17e1986637b55050
18,P_E18,A_E18,soft_prompt,6144,1.173189456723072,0.8970898171881441,0.5971131745979481,0.8982101826857058,0.07212301716208458,P_E14,1.135520142132114,0.902719334223929,562cdd488c6cc1ae5e7e51f5ed2768f4a9ebfe838a8bfd78bb914601d095283d,8073f9f2922c02147603b0ef60c5a71a1896a319e08610e7ca770e3142167939,25779178f390b1bc9fc22d97a520bf43504fc805d21b68fe17e1986637b55050
20,P_E20,C_OLD_E20,image_adapter,14015247,185.26103127407626,0.7662317643128664,0.696067485428253,0.7951030700066053,0.9217506051063538,P_E14,182.03236778298367,0.7655689305149468,c394eb6bdc2a2456495fe4e94ee7648a54608e7de9a356aa36ae9627bcd6d4fd,76420eb30b6f125be71fd44a56045d35fa08236d8d6dcf3904e7319b56905a4e,91f121852b6c20b8dddf31225518db10f79219b61e8b326e3afe37d06b4dbde6
20,P_E20,A_E20,image_adapter,14015247,174.71161130558082,0.7225998109584713,0.7354980148440347,0.7323319853779535,0.6619051247835159,P_E14,172.3881273581912,0.725008392202114,c394eb6bdc2a2456495fe4e94ee7648a54608e7de9a356aa36ae9627bcd6d4fd,76420eb30b6f125be71fd44a56045d35fa08236d8d6dcf3904e7319b56905a4e,91f121852b6c20b8dddf31225518db10f79219b61e8b326e3afe37d06b4dbde6
20,P_E20,C_OLD_E20,text_adapter,80640,7.580823477853027,0.08986485369499028,0.9959737435966552,0.08966312260440348,0.4868607446551323,P_E14,7.648195654815879,0.09067244164049958,c394eb6bdc2a2456495fe4e94ee7648a54608e7de9a356aa36ae9627bcd6d4fd,76420eb30b6f125be71fd44a56045d35fa08236d8d6dcf3904e7319b56905a4e,91f121852b6c20b8dddf31225518db10f79219b61e8b326e3afe37d06b4dbde6
20,P_E20,A_E20,text_adapter,80640,8.145092357434292,0.0965538289041278,0.9953472632795997,0.09640175092836215,0.39515144377946854,P_E14,8.23518522562338,0.09763143955383244,c394eb6bdc2a2456495fe4e94ee7648a54608e7de9a356aa36ae9627bcd6d4fd,76420eb30b6f125be71fd44a56045d35fa08236d8d6dcf3904e7319b56905a4e,91f121852b6c20b8dddf31225518db10f79219b61e8b326e3afe37d06b4dbde6
20,P_E20,C_OLD_E20,soft_prompt,6144,1.1716344329676662,0.88081900155149,0.6148667784184402,0.8745468830365343,0.06924463994801044,P_E14,1.117162791732149,0.8881255507089523,c394eb6bdc2a2456495fe4e94ee7648a54608e7de9a356aa36ae9627bcd6d4fd,76420eb30b6f125be71fd44a56045d35fa08236d8d6dcf3904e7319b56905a4e,91f121852b6c20b8dddf31225518db10f79219b61e8b326e3afe37d06b4dbde6
20,P_E20,A_E20,soft_prompt,6144,1.2099666480466065,0.9096366450613073,0.5850115567840886,0.9124372251170897,0.07524091377854347,P_E14,1.1589281263717295,0.9213282863369524,c394eb6bdc2a2456495fe4e94ee7648a54608e7de9a356aa36ae9627bcd6d4fd,76420eb30b6f125be71fd44a56045d35fa08236d8d6dcf3904e7319b56905a4e,91f121852b6c20b8dddf31225518db10f79219b61e8b326e3afe37d06b4dbde6
