lineage,method,epoch,target,pixel_auroc,pixel_ap,image_auroc,image_ap,evaluator_sha256,evaluator_git_sha,checkpoint_sha256,config_sha256,selection_rule,comparability,source
H1,H1,9,Brain,0.9592495363533814,0.4604742825646842,0.8258910060975609,0.954172819141704,cbcfaf4b2eda645fc6b440ed9bb486b5fb6b6f3af908e1c0ec70bafe13db0797,1564a0c9f32a7e93fb333ca8b0950a2fb2c73cc2,6c1d888af56d011f7d2dabee7a5662ff422420df428841582a51c02846500e4a,legacy,fixed historical E9,SAME_EVALUATOR_SOURCE_HASH; legacy bridge bypass recorded where applicable,/home/ai4/caohuy/ACD-CLIP-cir-dfg-rmt-v2/runs/phase2b_historical_gain_forensics_20260901/h1_current_evaluator/same_checkpoint_current_evaluator.csv
H1,H1,9,Liver,0.9694723668453915,0.0628041227440872,0.5673132889519444,0.4896111163174854,cbcfaf4b2eda645fc6b440ed9bb486b5fb6b6f3af908e1c0ec70bafe13db0797,1564a0c9f32a7e93fb333ca8b0950a2fb2c73cc2,6c1d888af56d011f7d2dabee7a5662ff422420df428841582a51c02846500e4a,legacy,fixed historical E9,SAME_EVALUATOR_SOURCE_HASH; legacy bridge bypass recorded where applicable,/home/ai4/caohuy/ACD-CLIP-cir-dfg-rmt-v2/runs/phase2b_historical_gain_forensics_20260901/h1_current_evaluator/same_checkpoint_current_evaluator.csv
H1,H1,9,Retina,0.8939727463510221,0.4232669406001758,0.8210792079705881,0.807911101030194,cbcfaf4b2eda645fc6b440ed9bb486b5fb6b6f3af908e1c0ec70bafe13db0797,1564a0c9f32a7e93fb333ca8b0950a2fb2c73cc2,6c1d888af56d011f7d2dabee7a5662ff422420df428841582a51c02846500e4a,legacy,fixed historical E9,SAME_EVALUATOR_SOURCE_HASH; legacy bridge bypass recorded where applicable,/home/ai4/caohuy/ACD-CLIP-cir-dfg-rmt-v2/runs/phase2b_historical_gain_forensics_20260901/h1_current_evaluator/same_checkpoint_current_evaluator.csv
H1,H1,9,Colon_clinicDB,0.8957889752467181,0.5285448999971535,,,cbcfaf4b2eda645fc6b440ed9bb486b5fb6b6f3af908e1c0ec70bafe13db0797,1564a0c9f32a7e93fb333ca8b0950a2fb2c73cc2,6c1d888af56d011f7d2dabee7a5662ff422420df428841582a51c02846500e4a,legacy,fixed historical E9,SAME_EVALUATOR_SOURCE_HASH; legacy bridge bypass recorded where applicable,/home/ai4/caohuy/ACD-CLIP-cir-dfg-rmt-v2/runs/phase2b_historical_gain_forensics_20260901/h1_current_evaluator/same_checkpoint_current_evaluator.csv
H1,H1,9,Colon_colonDB,0.841982898411485,0.3103888548986118,,,cbcfaf4b2eda645fc6b440ed9bb486b5fb6b6f3af908e1c0ec70bafe13db0797,1564a0c9f32a7e93fb333ca8b0950a2fb2c73cc2,6c1d888af56d011f7d2dabee7a5662ff422420df428841582a51c02846500e4a,legacy,fixed historical E9,SAME_EVALUATOR_SOURCE_HASH; legacy bridge bypass recorded where applicable,/home/ai4/caohuy/ACD-CLIP-cir-dfg-rmt-v2/runs/phase2b_historical_gain_forensics_20260901/h1_current_evaluator/same_checkpoint_current_evaluator.csv
H1,H1,9,Colon_Kvasir,0.8822495480505048,0.6054590761063129,,,cbcfaf4b2eda645fc6b440ed9bb486b5fb6b6f3af908e1c0ec70bafe13db0797,1564a0c9f32a7e93fb333ca8b0950a2fb2c73cc2,6c1d888af56d011f7d2dabee7a5662ff422420df428841582a51c02846500e4a,legacy,fixed historical E9,SAME_EVALUATOR_SOURCE_HASH; legacy bridge bypass recorded where applicable,/home/ai4/caohuy/ACD-CLIP-cir-dfg-rmt-v2/runs/phase2b_historical_gain_forensics_20260901/h1_current_evaluator/same_checkpoint_current_evaluator.csv
H1,H1,9,ALL_MEDICAL_MACRO,0.9071193452097503,0.39848969615183755,0.7380945010066978,0.7505650121631279,cbcfaf4b2eda645fc6b440ed9bb486b5fb6b6f3af908e1c0ec70bafe13db0797,1564a0c9f32a7e93fb333ca8b0950a2fb2c73cc2,6c1d888af56d011f7d2dabee7a5662ff422420df428841582a51c02846500e4a,legacy,fixed historical E9,same evaluator implementation hash; historical selection provenance remains separate,/home/ai4/caohuy/ACD-CLIP-cir-dfg-rmt-v2/runs/phase2b_historical_gain_forensics_20260901/h1_current_evaluator/same_checkpoint_current_evaluator.csv
H2,H2,10,Brain,0.9520292839784856,0.3828013383091009,0.7982743902439025,0.9354835382644038,cbcfaf4b2eda645fc6b440ed9bb486b5fb6b6f3af908e1c0ec70bafe13db0797,1564a0c9f32a7e93fb333ca8b0950a2fb2c73cc2,ae27443f99020588298a9ecc6dfc833a83ebe7a752f00e8524042d5a84a2c0cb,d24cf942684b0be3c12838699ec6fe452697bd7f0a58eabbf316fb79b1b18cdb,fixed historical E10,SAME_EVALUATOR_SOURCE_HASH; legacy bridge bypass recorded where applicable,/home/ai4/caohuy/ACD-CLIP-cir-dfg-rmt-v2/runs/phase2b_historical_gain_forensics_20260901/h2_current_evaluator/same_checkpoint_current_evaluator.csv
H2,H2,10,Liver,0.9704753659107919,0.06818662978589149,0.5921896031139728,0.478817288179643,cbcfaf4b2eda645fc6b440ed9bb486b5fb6b6f3af908e1c0ec70bafe13db0797,1564a0c9f32a7e93fb333ca8b0950a2fb2c73cc2,ae27443f99020588298a9ecc6dfc833a83ebe7a752f00e8524042d5a84a2c0cb,d24cf942684b0be3c12838699ec6fe452697bd7f0a58eabbf316fb79b1b18cdb,fixed historical E10,SAME_EVALUATOR_SOURCE_HASH; legacy bridge bypass recorded where applicable,/home/ai4/caohuy/ACD-CLIP-cir-dfg-rmt-v2/runs/phase2b_historical_gain_forensics_20260901/h2_current_evaluator/same_checkpoint_current_evaluator.csv
H2,H2,10,Retina,0.9217404263331043,0.404723758540213,0.7584141808872862,0.7072191677588493,cbcfaf4b2eda645fc6b440ed9bb486b5fb6b6f3af908e1c0ec70bafe13db0797,1564a0c9f32a7e93fb333ca8b0950a2fb2c73cc2,ae27443f99020588298a9ecc6dfc833a83ebe7a752f00e8524042d5a84a2c0cb,d24cf942684b0be3c12838699ec6fe452697bd7f0a58eabbf316fb79b1b18cdb,fixed historical E10,SAME_EVALUATOR_SOURCE_HASH; legacy bridge bypass recorded where applicable,/home/ai4/caohuy/ACD-CLIP-cir-dfg-rmt-v2/runs/phase2b_historical_gain_forensics_20260901/h2_current_evaluator/same_checkpoint_current_evaluator.csv
H2,H2,10,Colon_clinicDB,0.8897592833311395,0.5745580947454461,,,cbcfaf4b2eda645fc6b440ed9bb486b5fb6b6f3af908e1c0ec70bafe13db0797,1564a0c9f32a7e93fb333ca8b0950a2fb2c73cc2,ae27443f99020588298a9ecc6dfc833a83ebe7a752f00e8524042d5a84a2c0cb,d24cf942684b0be3c12838699ec6fe452697bd7f0a58eabbf316fb79b1b18cdb,fixed historical E10,SAME_EVALUATOR_SOURCE_HASH; legacy bridge bypass recorded where applicable,/home/ai4/caohuy/ACD-CLIP-cir-dfg-rmt-v2/runs/phase2b_historical_gain_forensics_20260901/h2_current_evaluator/same_checkpoint_current_evaluator.csv
H2,H2,10,Colon_colonDB,0.8379044940342908,0.35714364916681673,,,cbcfaf4b2eda645fc6b440ed9bb486b5fb6b6f3af908e1c0ec70bafe13db0797,1564a0c9f32a7e93fb333ca8b0950a2fb2c73cc2,ae27443f99020588298a9ecc6dfc833a83ebe7a752f00e8524042d5a84a2c0cb,d24cf942684b0be3c12838699ec6fe452697bd7f0a58eabbf316fb79b1b18cdb,fixed historical E10,SAME_EVALUATOR_SOURCE_HASH; legacy bridge bypass recorded where applicable,/home/ai4/caohuy/ACD-CLIP-cir-dfg-rmt-v2/runs/phase2b_historical_gain_forensics_20260901/h2_current_evaluator/same_checkpoint_current_evaluator.csv
H2,H2,10,Colon_Kvasir,0.8834224212399449,0.6349704025559091,,,cbcfaf4b2eda645fc6b440ed9bb486b5fb6b6f3af908e1c0ec70bafe13db0797,1564a0c9f32a7e93fb333ca8b0950a2fb2c73cc2,ae27443f99020588298a9ecc6dfc833a83ebe7a752f00e8524042d5a84a2c0cb,d24cf942684b0be3c12838699ec6fe452697bd7f0a58eabbf316fb79b1b18cdb,fixed historical E10,SAME_EVALUATOR_SOURCE_HASH; legacy bridge bypass recorded where applicable,/home/ai4/caohuy/ACD-CLIP-cir-dfg-rmt-v2/runs/phase2b_historical_gain_forensics_20260901/h2_current_evaluator/same_checkpoint_current_evaluator.csv
H2,H2,10,ALL_MEDICAL_MACRO,0.9092218791379595,0.40373064551722954,0.7162927247483871,0.7071733314009654,cbcfaf4b2eda645fc6b440ed9bb486b5fb6b6f3af908e1c0ec70bafe13db0797,1564a0c9f32a7e93fb333ca8b0950a2fb2c73cc2,ae27443f99020588298a9ecc6dfc833a83ebe7a752f00e8524042d5a84a2c0cb,d24cf942684b0be3c12838699ec6fe452697bd7f0a58eabbf316fb79b1b18cdb,fixed historical E10,same evaluator implementation hash; historical selection provenance remains separate,/home/ai4/caohuy/ACD-CLIP-cir-dfg-rmt-v2/runs/phase2b_historical_gain_forensics_20260901/h2_current_evaluator/same_checkpoint_current_evaluator.csv
C2,P,18,Brain,0.9222838880959305,0.2594028636916403,0.7432367886178862,0.9190578703050072,cbcfaf4b2eda645fc6b440ed9bb486b5fb6b6f3af908e1c0ec70bafe13db0797,042174cdc63d9cb635566a1dae5b774056045383,C2_E18_SHA_IN_FINAL_MATRIX,d24cf942684b0be3c12838699ec6fe452697bd7f0a58eabbf316fb79b1b18cdb,max current P pixel AP among frozen candidates,SAME_EVALUATOR_SOURCE_HASH; legacy bridge bypass recorded where applicable,/home/ai4/caohuy/ACD-CLIP-cir-dfg-rmt-v2/research_artifacts/cir_rmt_v2/final_extension_anchor_e20_20260831/FINAL_MEDICAL_MATRIX.csv
C2,P,18,Liver,0.9480955251455315,0.03762255582469893,0.6489050165520753,0.5173741683833233,cbcfaf4b2eda645fc6b440ed9bb486b5fb6b6f3af908e1c0ec70bafe13db0797,042174cdc63d9cb635566a1dae5b774056045383,C2_E18_SHA_IN_FINAL_MATRIX,d24cf942684b0be3c12838699ec6fe452697bd7f0a58eabbf316fb79b1b18cdb,max current P pixel AP among frozen candidates,SAME_EVALUATOR_SOURCE_HASH; legacy bridge bypass recorded where applicable,/home/ai4/caohuy/ACD-CLIP-cir-dfg-rmt-v2/research_artifacts/cir_rmt_v2/final_extension_anchor_e20_20260831/FINAL_MEDICAL_MATRIX.csv
C2,P,18,Retina,0.9122030642315315,0.3684744679180612,0.6599939144298425,0.6926300305626191,cbcfaf4b2eda645fc6b440ed9bb486b5fb6b6f3af908e1c0ec70bafe13db0797,042174cdc63d9cb635566a1dae5b774056045383,C2_E18_SHA_IN_FINAL_MATRIX,d24cf942684b0be3c12838699ec6fe452697bd7f0a58eabbf316fb79b1b18cdb,max current P pixel AP among frozen candidates,SAME_EVALUATOR_SOURCE_HASH; legacy bridge bypass recorded where applicable,/home/ai4/caohuy/ACD-CLIP-cir-dfg-rmt-v2/research_artifacts/cir_rmt_v2/final_extension_anchor_e20_20260831/FINAL_MEDICAL_MATRIX.csv
C2,P,18,Colon_clinicDB,0.8578278424277869,0.4538048008251949,,,cbcfaf4b2eda645fc6b440ed9bb486b5fb6b6f3af908e1c0ec70bafe13db0797,042174cdc63d9cb635566a1dae5b774056045383,C2_E18_SHA_IN_FINAL_MATRIX,d24cf942684b0be3c12838699ec6fe452697bd7f0a58eabbf316fb79b1b18cdb,max current P pixel AP among frozen candidates,SAME_EVALUATOR_SOURCE_HASH; legacy bridge bypass recorded where applicable,/home/ai4/caohuy/ACD-CLIP-cir-dfg-rmt-v2/research_artifacts/cir_rmt_v2/final_extension_anchor_e20_20260831/FINAL_MEDICAL_MATRIX.csv
C2,P,18,Colon_colonDB,0.820236762918231,0.3094835609144706,,,cbcfaf4b2eda645fc6b440ed9bb486b5fb6b6f3af908e1c0ec70bafe13db0797,042174cdc63d9cb635566a1dae5b774056045383,C2_E18_SHA_IN_FINAL_MATRIX,d24cf942684b0be3c12838699ec6fe452697bd7f0a58eabbf316fb79b1b18cdb,max current P pixel AP among frozen candidates,SAME_EVALUATOR_SOURCE_HASH; legacy bridge bypass recorded where applicable,/home/ai4/caohuy/ACD-CLIP-cir-dfg-rmt-v2/research_artifacts/cir_rmt_v2/final_extension_anchor_e20_20260831/FINAL_MEDICAL_MATRIX.csv
C2,P,18,Colon_Kvasir,0.8491570184194398,0.547542819117639,,,cbcfaf4b2eda645fc6b440ed9bb486b5fb6b6f3af908e1c0ec70bafe13db0797,042174cdc63d9cb635566a1dae5b774056045383,C2_E18_SHA_IN_FINAL_MATRIX,d24cf942684b0be3c12838699ec6fe452697bd7f0a58eabbf316fb79b1b18cdb,max current P pixel AP among frozen candidates,SAME_EVALUATOR_SOURCE_HASH; legacy bridge bypass recorded where applicable,/home/ai4/caohuy/ACD-CLIP-cir-dfg-rmt-v2/research_artifacts/cir_rmt_v2/final_extension_anchor_e20_20260831/FINAL_MEDICAL_MATRIX.csv
C2,P,18,ALL_MEDICAL_MACRO,0.8849673502064087,0.32938851138195085,0.6840452398666014,0.7096873564169832,cbcfaf4b2eda645fc6b440ed9bb486b5fb6b6f3af908e1c0ec70bafe13db0797,042174cdc63d9cb635566a1dae5b774056045383,C2_E18_SHA_IN_FINAL_MATRIX,d24cf942684b0be3c12838699ec6fe452697bd7f0a58eabbf316fb79b1b18cdb,max current P pixel AP among frozen candidates,same evaluator implementation hash; historical selection provenance remains separate,/home/ai4/caohuy/ACD-CLIP-cir-dfg-rmt-v2/research_artifacts/cir_rmt_v2/final_extension_anchor_e20_20260831/FINAL_MEDICAL_MATRIX.csv
C_OLD,C_OLD_0,14,Brain,0.9328744662518912,0.2836919737495881,0.7877634654471545,0.9321822137178211,cbcfaf4b2eda645fc6b440ed9bb486b5fb6b6f3af908e1c0ec70bafe13db0797,042174cdc63d9cb635566a1dae5b774056045383,C_OLD_E14_SHA_IN_FINAL_MATRIX,064e8acd4369645f631030b5d60abf8615e878b50e9caff6a4a8b2439b64f81c,max current old-CIR pixel AP among frozen candidates,SAME_EVALUATOR_SOURCE_HASH; legacy bridge bypass recorded where applicable,/home/ai4/caohuy/ACD-CLIP-cir-dfg-rmt-v2/research_artifacts/cir_rmt_v2/final_extension_anchor_e20_20260831/FINAL_MEDICAL_MATRIX.csv
C_OLD,C_OLD_0,14,Liver,0.964626195473647,0.08406371060088826,0.6034522900069118,0.5159042189116466,cbcfaf4b2eda645fc6b440ed9bb486b5fb6b6f3af908e1c0ec70bafe13db0797,042174cdc63d9cb635566a1dae5b774056045383,C_OLD_E14_SHA_IN_FINAL_MATRIX,064e8acd4369645f631030b5d60abf8615e878b50e9caff6a4a8b2439b64f81c,max current old-CIR pixel AP among frozen candidates,SAME_EVALUATOR_SOURCE_HASH; legacy bridge bypass recorded where applicable,/home/ai4/caohuy/ACD-CLIP-cir-dfg-rmt-v2/research_artifacts/cir_rmt_v2/final_extension_anchor_e20_20260831/FINAL_MEDICAL_MATRIX.csv
C_OLD,C_OLD_0,14,Retina,0.869586090897863,0.27840692134288214,0.7452082421755158,0.7282015910701547,cbcfaf4b2eda645fc6b440ed9bb486b5fb6b6f3af908e1c0ec70bafe13db0797,042174cdc63d9cb635566a1dae5b774056045383,C_OLD_E14_SHA_IN_FINAL_MATRIX,064e8acd4369645f631030b5d60abf8615e878b50e9caff6a4a8b2439b64f81c,max current old-CIR pixel AP among frozen candidates,SAME_EVALUATOR_SOURCE_HASH; legacy bridge bypass recorded where applicable,/home/ai4/caohuy/ACD-CLIP-cir-dfg-rmt-v2/research_artifacts/cir_rmt_v2/final_extension_anchor_e20_20260831/FINAL_MEDICAL_MATRIX.csv
C_OLD,C_OLD_0,14,Colon_clinicDB,0.8153801727630375,0.4005615645963548,,,cbcfaf4b2eda645fc6b440ed9bb486b5fb6b6f3af908e1c0ec70bafe13db0797,042174cdc63d9cb635566a1dae5b774056045383,C_OLD_E14_SHA_IN_FINAL_MATRIX,064e8acd4369645f631030b5d60abf8615e878b50e9caff6a4a8b2439b64f81c,max current old-CIR pixel AP among frozen candidates,SAME_EVALUATOR_SOURCE_HASH; legacy bridge bypass recorded where applicable,/home/ai4/caohuy/ACD-CLIP-cir-dfg-rmt-v2/research_artifacts/cir_rmt_v2/final_extension_anchor_e20_20260831/FINAL_MEDICAL_MATRIX.csv
C_OLD,C_OLD_0,14,Colon_colonDB,0.8123232186117018,0.314789050431088,,,cbcfaf4b2eda645fc6b440ed9bb486b5fb6b6f3af908e1c0ec70bafe13db0797,042174cdc63d9cb635566a1dae5b774056045383,C_OLD_E14_SHA_IN_FINAL_MATRIX,064e8acd4369645f631030b5d60abf8615e878b50e9caff6a4a8b2439b64f81c,max current old-CIR pixel AP among frozen candidates,SAME_EVALUATOR_SOURCE_HASH; legacy bridge bypass recorded where applicable,/home/ai4/caohuy/ACD-CLIP-cir-dfg-rmt-v2/research_artifacts/cir_rmt_v2/final_extension_anchor_e20_20260831/FINAL_MEDICAL_MATRIX.csv
C_OLD,C_OLD_0,14,Colon_Kvasir,0.8148606308442269,0.49939028193576723,,,cbcfaf4b2eda645fc6b440ed9bb486b5fb6b6f3af908e1c0ec70bafe13db0797,042174cdc63d9cb635566a1dae5b774056045383,C_OLD_E14_SHA_IN_FINAL_MATRIX,064e8acd4369645f631030b5d60abf8615e878b50e9caff6a4a8b2439b64f81c,max current old-CIR pixel AP among frozen candidates,SAME_EVALUATOR_SOURCE_HASH; legacy bridge bypass recorded where applicable,/home/ai4/caohuy/ACD-CLIP-cir-dfg-rmt-v2/research_artifacts/cir_rmt_v2/final_extension_anchor_e20_20260831/FINAL_MEDICAL_MATRIX.csv
C_OLD,C_OLD_0,14,ALL_MEDICAL_MACRO,0.8682751291403945,0.3101505837760947,0.7121413325431941,0.7254293412332075,cbcfaf4b2eda645fc6b440ed9bb486b5fb6b6f3af908e1c0ec70bafe13db0797,042174cdc63d9cb635566a1dae5b774056045383,C_OLD_E14_SHA_IN_FINAL_MATRIX,064e8acd4369645f631030b5d60abf8615e878b50e9caff6a4a8b2439b64f81c,max current old-CIR pixel AP among frozen candidates,same evaluator implementation hash; historical selection provenance remains separate,/home/ai4/caohuy/ACD-CLIP-cir-dfg-rmt-v2/research_artifacts/cir_rmt_v2/final_extension_anchor_e20_20260831/FINAL_MEDICAL_MATRIX.csv
A0,A0,12,Brain,0.9377691931832263,0.29202271160764554,0.8054197154471545,0.9460910506719351,cbcfaf4b2eda645fc6b440ed9bb486b5fb6b6f3af908e1c0ec70bafe13db0797,1564a0c9f32a7e93fb333ca8b0950a2fb2c73cc2,A0_E12_SHA_IN_FINAL_MATRIX,064e8acd4369645f631030b5d60abf8615e878b50e9caff6a4a8b2439b64f81c,max current A0 pixel AP among frozen candidates,SAME_EVALUATOR_SOURCE_HASH; legacy bridge bypass recorded where applicable,/home/ai4/caohuy/ACD-CLIP-cir-dfg-rmt-v2/research_artifacts/cir_rmt_v2/final_extension_anchor_e20_20260831/FINAL_MEDICAL_MATRIX.csv
A0,A0,12,Liver,0.9517330883399017,0.03822270569783547,0.5960820691913129,0.491763033442829,cbcfaf4b2eda645fc6b440ed9bb486b5fb6b6f3af908e1c0ec70bafe13db0797,1564a0c9f32a7e93fb333ca8b0950a2fb2c73cc2,A0_E12_SHA_IN_FINAL_MATRIX,064e8acd4369645f631030b5d60abf8615e878b50e9caff6a4a8b2439b64f81c,max current A0 pixel AP among frozen candidates,SAME_EVALUATOR_SOURCE_HASH; legacy bridge bypass recorded where applicable,/home/ai4/caohuy/ACD-CLIP-cir-dfg-rmt-v2/research_artifacts/cir_rmt_v2/final_extension_anchor_e20_20260831/FINAL_MEDICAL_MATRIX.csv
A0,A0,12,Retina,0.9314499132775512,0.39064672818886254,0.8315768164923981,0.7998809803466937,cbcfaf4b2eda645fc6b440ed9bb486b5fb6b6f3af908e1c0ec70bafe13db0797,1564a0c9f32a7e93fb333ca8b0950a2fb2c73cc2,A0_E12_SHA_IN_FINAL_MATRIX,064e8acd4369645f631030b5d60abf8615e878b50e9caff6a4a8b2439b64f81c,max current A0 pixel AP among frozen candidates,SAME_EVALUATOR_SOURCE_HASH; legacy bridge bypass recorded where applicable,/home/ai4/caohuy/ACD-CLIP-cir-dfg-rmt-v2/research_artifacts/cir_rmt_v2/final_extension_anchor_e20_20260831/FINAL_MEDICAL_MATRIX.csv
A0,A0,12,Colon_clinicDB,0.8734471856314221,0.4865993976609125,,,cbcfaf4b2eda645fc6b440ed9bb486b5fb6b6f3af908e1c0ec70bafe13db0797,1564a0c9f32a7e93fb333ca8b0950a2fb2c73cc2,A0_E12_SHA_IN_FINAL_MATRIX,064e8acd4369645f631030b5d60abf8615e878b50e9caff6a4a8b2439b64f81c,max current A0 pixel AP among frozen candidates,SAME_EVALUATOR_SOURCE_HASH; legacy bridge bypass recorded where applicable,/home/ai4/caohuy/ACD-CLIP-cir-dfg-rmt-v2/research_artifacts/cir_rmt_v2/final_extension_anchor_e20_20260831/FINAL_MEDICAL_MATRIX.csv
A0,A0,12,Colon_colonDB,0.8282146448253072,0.28314480154084076,,,cbcfaf4b2eda645fc6b440ed9bb486b5fb6b6f3af908e1c0ec70bafe13db0797,1564a0c9f32a7e93fb333ca8b0950a2fb2c73cc2,A0_E12_SHA_IN_FINAL_MATRIX,064e8acd4369645f631030b5d60abf8615e878b50e9caff6a4a8b2439b64f81c,max current A0 pixel AP among frozen candidates,SAME_EVALUATOR_SOURCE_HASH; legacy bridge bypass recorded where applicable,/home/ai4/caohuy/ACD-CLIP-cir-dfg-rmt-v2/research_artifacts/cir_rmt_v2/final_extension_anchor_e20_20260831/FINAL_MEDICAL_MATRIX.csv
A0,A0,12,Colon_Kvasir,0.8560330162364965,0.5423175559667341,,,cbcfaf4b2eda645fc6b440ed9bb486b5fb6b6f3af908e1c0ec70bafe13db0797,1564a0c9f32a7e93fb333ca8b0950a2fb2c73cc2,A0_E12_SHA_IN_FINAL_MATRIX,064e8acd4369645f631030b5d60abf8615e878b50e9caff6a4a8b2439b64f81c,max current A0 pixel AP among frozen candidates,SAME_EVALUATOR_SOURCE_HASH; legacy bridge bypass recorded where applicable,/home/ai4/caohuy/ACD-CLIP-cir-dfg-rmt-v2/research_artifacts/cir_rmt_v2/final_extension_anchor_e20_20260831/FINAL_MEDICAL_MATRIX.csv
A0,A0,12,ALL_MEDICAL_MACRO,0.8964411735823176,0.33882565011047183,0.7443595337102885,0.7459116881538194,cbcfaf4b2eda645fc6b440ed9bb486b5fb6b6f3af908e1c0ec70bafe13db0797,1564a0c9f32a7e93fb333ca8b0950a2fb2c73cc2,A0_E12_SHA_IN_FINAL_MATRIX,064e8acd4369645f631030b5d60abf8615e878b50e9caff6a4a8b2439b64f81c,max current A0 pixel AP among frozen candidates,same evaluator implementation hash; historical selection provenance remains separate,/home/ai4/caohuy/ACD-CLIP-cir-dfg-rmt-v2/research_artifacts/cir_rmt_v2/final_extension_anchor_e20_20260831/FINAL_MEDICAL_MATRIX.csv
PA,PA,12,Brain,0.9405131183925947,0.320277147259976,0.800849593495935,0.9390840325977337,cbcfaf4b2eda645fc6b440ed9bb486b5fb6b6f3af908e1c0ec70bafe13db0797,0987f67e92020e74cdae65e51b8a8676e08f3c84,PA_E12_SHA_IN_PA_RESULTS,d24cf942684b0be3c12838699ec6fe452697bd7f0a58eabbf316fb79b1b18cdb,max PA pixel AP among frozen candidates,SAME_EVALUATOR_SOURCE_HASH; legacy bridge bypass recorded where applicable,/home/ai4/caohuy/ACD-CLIP-cir-dfg-rmt-v2/research_artifacts/cir_rmt_v2/pa_control_20260831/PA_MEDICAL_RESULTS.csv
PA,PA,12,Liver,0.967259269592791,0.05885820417328568,0.6119284077267271,0.48001826489880794,cbcfaf4b2eda645fc6b440ed9bb486b5fb6b6f3af908e1c0ec70bafe13db0797,0987f67e92020e74cdae65e51b8a8676e08f3c84,PA_E12_SHA_IN_PA_RESULTS,d24cf942684b0be3c12838699ec6fe452697bd7f0a58eabbf316fb79b1b18cdb,max PA pixel AP among frozen candidates,SAME_EVALUATOR_SOURCE_HASH; legacy bridge bypass recorded where applicable,/home/ai4/caohuy/ACD-CLIP-cir-dfg-rmt-v2/research_artifacts/cir_rmt_v2/pa_control_20260831/PA_MEDICAL_RESULTS.csv
PA,PA,12,Retina,0.9299485902560347,0.3898361948813842,0.742263530334807,0.7243127390914007,cbcfaf4b2eda645fc6b440ed9bb486b5fb6b6f3af908e1c0ec70bafe13db0797,0987f67e92020e74cdae65e51b8a8676e08f3c84,PA_E12_SHA_IN_PA_RESULTS,d24cf942684b0be3c12838699ec6fe452697bd7f0a58eabbf316fb79b1b18cdb,max PA pixel AP among frozen candidates,SAME_EVALUATOR_SOURCE_HASH; legacy bridge bypass recorded where applicable,/home/ai4/caohuy/ACD-CLIP-cir-dfg-rmt-v2/research_artifacts/cir_rmt_v2/pa_control_20260831/PA_MEDICAL_RESULTS.csv
PA,PA,12,Colon_clinicDB,0.8753871166262861,0.4760405826069245,,,cbcfaf4b2eda645fc6b440ed9bb486b5fb6b6f3af908e1c0ec70bafe13db0797,0987f67e92020e74cdae65e51b8a8676e08f3c84,PA_E12_SHA_IN_PA_RESULTS,d24cf942684b0be3c12838699ec6fe452697bd7f0a58eabbf316fb79b1b18cdb,max PA pixel AP among frozen candidates,SAME_EVALUATOR_SOURCE_HASH; legacy bridge bypass recorded where applicable,/home/ai4/caohuy/ACD-CLIP-cir-dfg-rmt-v2/research_artifacts/cir_rmt_v2/pa_control_20260831/PA_MEDICAL_RESULTS.csv
PA,PA,12,Colon_colonDB,0.8485925379759542,0.31301177906011424,,,cbcfaf4b2eda645fc6b440ed9bb486b5fb6b6f3af908e1c0ec70bafe13db0797,0987f67e92020e74cdae65e51b8a8676e08f3c84,PA_E12_SHA_IN_PA_RESULTS,d24cf942684b0be3c12838699ec6fe452697bd7f0a58eabbf316fb79b1b18cdb,max PA pixel AP among frozen candidates,SAME_EVALUATOR_SOURCE_HASH; legacy bridge bypass recorded where applicable,/home/ai4/caohuy/ACD-CLIP-cir-dfg-rmt-v2/research_artifacts/cir_rmt_v2/pa_control_20260831/PA_MEDICAL_RESULTS.csv
PA,PA,12,Colon_Kvasir,0.8566202538393571,0.5270731278568294,,,cbcfaf4b2eda645fc6b440ed9bb486b5fb6b6f3af908e1c0ec70bafe13db0797,0987f67e92020e74cdae65e51b8a8676e08f3c84,PA_E12_SHA_IN_PA_RESULTS,d24cf942684b0be3c12838699ec6fe452697bd7f0a58eabbf316fb79b1b18cdb,max PA pixel AP among frozen candidates,SAME_EVALUATOR_SOURCE_HASH; legacy bridge bypass recorded where applicable,/home/ai4/caohuy/ACD-CLIP-cir-dfg-rmt-v2/research_artifacts/cir_rmt_v2/pa_control_20260831/PA_MEDICAL_RESULTS.csv
PA,PA,12,ALL_MEDICAL_MACRO,0.9030534811138363,0.34751617263975226,0.718347177185823,0.7144716788626475,cbcfaf4b2eda645fc6b440ed9bb486b5fb6b6f3af908e1c0ec70bafe13db0797,0987f67e92020e74cdae65e51b8a8676e08f3c84,PA_E12_SHA_IN_PA_RESULTS,d24cf942684b0be3c12838699ec6fe452697bd7f0a58eabbf316fb79b1b18cdb,max PA pixel AP among frozen candidates,same evaluator implementation hash; historical selection provenance remains separate,/home/ai4/caohuy/ACD-CLIP-cir-dfg-rmt-v2/research_artifacts/cir_rmt_v2/pa_control_20260831/PA_MEDICAL_RESULTS.csv
